Total games played,Session games played,Wins,Loses
41,41,7,29
87,46,11,33
131,44,11,32
153,22,2,20
195,42,12,30
233,38,8,28
259,26,3,23
293,34,4,27
348,55,15,37
392,44,11,31
432,40,9,28
476,44,10,32
536,60,19,40
602,66,19,44
643,41,9,29
672,29,4,25
706,34,6,27
746,40,8,28
789,43,10,32
820,31,4,25
868,48,12,35
901,33,6,27
966,65,19,43
1005,39,9,29
1036,31,6,24
1068,32,5,26
1096,28,3,23
1136,40,9,29
1188,52,13,37
1241,53,15,36
1299,58,18,39
1347,48,12,34
1400,53,15,38
1432,32,5,26
1481,49,13,35
1517,36,8,28
1574,57,18,39
1614,40,8,30
1642,28,5,23
1673,31,5,25
1708,35,6,27
1738,30,4,25
1785,47,12,34
1821,36,8,26
1864,43,9,32
1902,38,8,29
1940,38,7,29
1987,47,11,34
2035,48,12,35
2072,37,7,27
2100,28,3,24
2154,54,15,38
2189,35,5,25
2233,44,11,31
2281,48,11,33
2314,33,5,25
2352,38,8,28
2393,41,10,31
2443,50,15,35
2483,40,9,29
2551,68,20,45
2597,46,11,34
2628,31,4,25
2683,55,16,36
2726,43,10,33
2791,65,21,42
2820,29,4,24
2849,29,5,24
2901,52,15,36
2965,64,19,42
3007,42,9,31
3042,35,7,27
3077,35,7,25
3101,24,2,22
3137,36,8,26
3176,39,8,29
3211,35,6,27
3249,38,7,28
3287,38,8,29
3315,28,3,24
3365,50,13,34
3409,44,12,31
3451,42,11,31
3487,36,8,27
3527,40,7,28
3566,39,9,29
3614,48,13,34
3658,44,11,33
3688,30,5,24
3718,30,4,26
3751,33,5,25
3801,50,13,36
3843,42,10,30
3880,37,7,28
3915,35,7,28
3957,42,10,31
3983,26,2,22
4023,40,9,31
4059,36,6,28
4089,30,5,25
4143,54,15,36
4180,37,7,27
4255,75,23,45
4290,35,6,29
4326,36,8,26
4371,45,11,32
4417,46,11,34
4454,37,8,29
4489,35,7,28
4550,61,17,41
4602,52,14,35
4624,22,1,20
4661,37,7,28
4689,28,4,24
4720,31,5,25
4751,31,5,25
4784,33,5,24
4814,30,4,24
4856,42,10,31
4887,31,5,25
4916,29,4,24
4965,49,14,35
5002,37,6,27
5045,43,11,32
5075,30,5,25
5115,40,8,28
5147,32,6,25
5169,22,1,21
5214,45,11,33
5237,23,1,20
5269,32,6,26
5305,36,7,27
5365,60,18,41
5403,38,8,29
5433,30,4,26
5466,33,5,23
5499,33,5,27
5538,39,8,29
5573,35,7,27
5638,65,20,43
5690,52,14,36
5714,24,1,21
5756,42,10,32
5785,29,4,24
5837,52,14,35
5878,41,9,29
5926,48,12,33
5960,34,6,26
6000,40,9,29
6028,28,4,23
6074,46,13,32
6106,32,5,26
6131,25,2,23
6165,34,5,27
6196,31,5,24
6231,35,6,25
6264,33,5,27
6296,32,6,26
6331,35,7,28
6375,44,11,32
6412,37,8,28
6458,46,11,32
6494,36,7,27
6554,60,19,41
6588,34,7,25
6615,27,3,24
6655,40,8,29
6685,30,4,25
6712,27,3,24
6795,83,26,55
6841,46,12,32
6892,51,14,36
6919,27,3,24
6954,35,6,27
6984,30,6,24
7026,42,9,30
7060,34,5,26
7144,84,27,54
7166,22,1,21
7206,40,10,28
7234,28,4,24
7265,31,5,25
7312,47,13,33
7364,52,15,36
7419,55,16,36
7452,33,4,25
7480,28,3,23
7526,46,13,32
7558,32,6,26
7596,38,9,29
7635,39,9,29
7678,43,10,32
7715,37,9,28
7773,58,17,39
7807,34,6,27
7845,38,8,29
7886,41,10,31
7969,83,27,54
8000,31,4,25
8049,49,12,35
8084,35,6,28
8116,32,4,25
8150,34,6,26
8188,38,8,27
8231,43,11,31
8259,28,3,23
8321,62,18,40
8374,53,15,37
8403,29,4,25
8431,28,4,24
8479,48,11,32
8512,33,6,27
8536,24,2,22
8581,45,12,32
8609,28,3,23
8652,43,10,31
8696,44,11,33
8724,28,3,23
8757,33,6,27
8798,41,10,31
8845,47,13,31
8895,50,14,35
8934,39,10,28
8991,57,16,38
9016,25,2,21
9075,59,16,38
9129,54,13,35
9157,28,4,24
9190,33,6,26
9252,62,21,40
9289,37,9,28
9314,25,2,22
9358,44,12,31
9409,51,15,35
9451,42,9,32
9481,30,5,25
9508,27,3,23
9544,36,7,28
9583,39,9,29
9633,50,13,34
9679,46,12,33
9725,46,11,34
9779,54,14,38
9807,28,5,23
9837,30,4,25
9898,61,18,42
9927,29,4,25
9959,32,5,26
9990,31,5,26
10023,33,6,26
10054,31,5,25
10096,42,10,29
10139,43,9,31
10213,74,21,47
10256,43,11,31
10285,29,4,24
10319,34,7,26
10343,24,2,22
10399,56,15,38
10430,31,5,25
10458,28,4,24
10490,32,5,27
10540,50,12,35
10578,38,6,28
10612,34,7,27
10674,62,18,42
10718,44,11,31
10752,34,8,26
10786,34,5,25
10809,23,1,21
10863,54,16,37
10891,28,5,23
10924,33,5,25
10962,38,7,29
11008,46,12,33
11051,43,12,31
11100,49,13,35
11143,43,10,31
11185,42,9,31
11228,43,10,32
11259,31,5,25
11305,46,12,33
11329,24,2,22
11353,24,2,22
11387,34,7,27
11437,50,13,34
11482,45,11,32
11543,61,19,40
11577,34,5,27
11601,24,2,22
11642,41,9,31
11691,49,14,35
11730,39,10,29
11767,37,7,27
11819,52,16,36
11857,38,8,30
11897,40,10,29
11930,33,6,25
11966,36,7,28
11999,33,7,26
12028,29,5,23
12068,40,9,28
12103,35,7,25
12141,38,8,28
12187,46,12,33
12239,52,14,36
12278,39,8,30
12308,30,4,24
12337,29,4,25
12363,26,3,23
12395,32,5,26
12444,49,13,35
12496,52,14,36
12542,46,11,30
12569,27,3,23
12591,22,1,21
12640,49,13,35
12672,32,6,26
12706,34,7,27
12730,24,2,22
12761,31,5,25
12803,42,10,30
12839,36,7,28
12870,31,5,25
12933,63,20,41
12987,54,15,38
13013,26,4,22
13043,30,5,25
13073,30,6,24
13101,28,4,24
13141,40,9,30
13179,38,9,29
13207,28,5,23
13238,31,5,25
13273,35,6,29
13322,49,12,36
13379,57,16,38
13405,26,3,23
13434,29,4,24
13490,56,17,37
13519,29,4,25
13553,34,6,28
13590,37,8,28
13623,33,6,27
13657,34,7,25
13691,34,5,27
13754,63,20,40
13797,43,9,30
13869,72,22,43
13896,27,3,23
13935,39,8,29
13968,33,5,27
14004,36,7,26
14034,30,5,25
14069,35,6,25
14097,28,4,24
14126,29,4,24
14173,47,12,34
14223,50,12,35
14252,29,4,24
14280,28,3,23
14336,56,16,38
14371,35,7,28
14416,45,10,32
14454,38,8,28
14490,36,7,27
14525,35,7,27
14573,48,12,35
14612,39,9,29
14665,53,14,39
14705,40,10,30
14768,63,19,43
14827,59,16,38
14898,71,22,44
14953,55,15,39
14988,35,7,28
15027,39,9,29
15067,40,9,29
15105,38,9,27
15161,56,18,38
15195,34,5,28
15222,27,3,23
15273,51,15,35
15306,33,6,27
15355,49,13,32
15386,31,5,25
15427,41,9,30
15485,58,19,39
15534,49,13,35
15567,33,6,25
15594,27,2,24
15631,37,6,28
15681,50,15,35
15727,46,12,33
15820,93,32,57
15867,47,11,32
15903,36,8,28
15943,40,8,29
15974,31,4,26
16005,31,5,26
16031,26,4,22
16067,36,6,26
16120,53,14,36
16149,29,5,23
16198,49,12,34
16234,36,7,27
16285,51,12,35
16328,43,11,31
16360,32,4,25
16415,55,17,36
16459,44,10,31
16493,34,6,27
16544,51,14,35
16607,63,19,41
16638,31,5,25
16686,48,12,35
16738,52,13,35
16774,36,8,28
16802,28,3,23
16846,44,11,32
16876,30,5,24
16908,32,5,25
16950,42,11,31
16983,33,6,27
17013,30,5,25
17055,42,10,30
17078,23,1,21
17121,43,10,30
17162,41,9,29
17210,48,12,33
17253,43,10,31
17301,48,12,36
17323,22,1,21
17348,25,2,22
17384,36,9,27
17421,37,7,29
17467,46,12,33
17493,26,4,22
17532,39,8,29
17574,42,10,31
17616,42,11,31
17658,42,10,29
17702,44,10,33
17762,60,16,40
17817,55,15,37
17845,28,4,24
17875,30,5,24
17902,27,4,22
17938,36,8,27
17961,23,1,21
18020,59,17,38
18075,55,16,39
18106,31,5,25
18153,47,13,33
18197,44,10,33
18249,52,15,37
18305,56,16,38
18344,39,9,29
18392,48,11,34
18420,28,4,24
18466,46,12,33
18509,43,12,31
18550,41,9,28
18583,33,5,25
18633,50,13,34
18679,46,11,31
18712,33,7,25
18746,34,6,27
18788,42,10,30
18840,52,14,37
18884,44,10,30
18921,37,9,28
18960,39,8,27
19011,51,13,37
19047,36,7,28
19079,32,5,26
19107,28,5,23
19143,36,7,28
19181,38,8,28
19231,50,14,34
19260,29,5,24
19309,49,12,34
19340,31,4,24
19386,46,12,33
19416,30,4,24
19443,27,2,23
19474,31,5,25
19500,26,3,23
19540,40,9,29
19571,31,4,26
19613,42,11,30
19692,79,26,51
19738,46,11,33
19773,35,7,28
19800,27,3,23
19838,38,7,29
19883,45,11,32
19915,32,5,25
19955,40,9,30
19981,26,3,23
20020,39,10,29
20060,40,9,30
20095,35,7,28
20130,35,7,26
20165,35,8,26
20215,50,15,33
20244,29,3,24
20269,25,3,21
20312,43,11,31
20340,28,3,23
20376,36,7,27
20413,37,7,29
20439,26,3,23
20476,37,9,28
20505,29,4,24
20538,33,6,26
20577,39,7,30
20615,38,9,29
20660,45,11,33
20694,34,7,26
20734,40,9,29
20798,64,19,42
20839,41,10,31
20881,42,11,31
20936,55,16,38
20966,30,4,25
21004,38,8,30
21032,28,4,24
21060,28,3,22
21101,41,10,31
21138,37,7,30
21182,44,9,31
21214,32,5,25
21260,46,12,34
21310,50,13,35
21341,31,5,25
21385,44,11,33
21415,30,4,25
21475,60,18,39
21516,41,9,31
21544,28,5,23
21577,33,5,27
21641,64,18,41
21692,51,14,36
21741,49,13,32
21777,36,7,28
21809,32,5,26
21841,32,6,26
21873,32,4,25
21907,34,7,26
21932,25,2,23
21991,59,17,39
22017,26,2,22
22042,25,2,21
22103,61,16,41
22131,28,4,22
22160,29,4,25
22203,43,12,31
22228,25,2,21
22269,41,10,30
22306,37,8,28
22358,52,14,34
22407,49,12,35
22440,33,6,26
22482,42,10,32
22522,40,9,31
22575,53,15,34
22636,61,19,41
22679,43,9,30
22714,35,7,28
22741,27,4,22
22768,27,3,22
22832,64,20,39
22902,70,22,46
22939,37,7,29
22993,54,16,37
23029,36,7,28
23088,59,19,40
23116,28,3,24
23140,24,2,22
23167,27,4,22
23209,42,10,30
23240,31,6,24
23272,32,5,27
23310,38,9,29
23332,22,1,21
23378,46,12,33
23453,75,27,46
23490,37,7,28
23529,39,8,29
23595,66,21,43
23626,31,4,25
23651,25,2,22
23695,44,12,32
23726,31,5,25
23778,52,15,37
23830,52,13,36
23863,33,5,26
23911,48,13,32
23941,30,4,26
23978,37,7,28
24048,70,22,44
24077,29,4,24
24138,61,16,40
24174,36,6,28
24242,68,22,45
24264,22,1,21
24307,43,10,31
24359,52,15,36
24413,54,15,37
24473,60,20,40
24513,40,9,30
24553,40,9,29
24575,22,2,20
24609,34,6,27
24640,31,5,26
24669,29,4,24
24702,33,6,27
24754,52,15,35
24792,38,7,28
24841,49,12,35
24884,43,11,31
24907,23,1,21
24949,42,9,31
24980,31,5,25
25013,33,7,26
25043,30,4,26
25078,35,7,28
25123,45,12,32
25163,40,8,29
25189,26,3,23
25222,33,5,25
25269,47,12,34
25295,26,4,22
25353,58,16,39
25389,36,6,27
25465,76,24,47
25501,36,6,28
25532,31,5,26
25560,28,3,25
25607,47,13,33
25650,43,9,31
25706,56,16,39
25736,30,5,25
25773,37,8,28
25811,38,7,29
25837,26,3,21
25877,40,7,29
25910,33,6,27
25952,42,10,30
25988,36,7,27
26026,38,8,29
26055,29,4,25
26091,36,4,26
26135,44,10,31
26215,80,30,50
26253,38,8,29
26315,62,19,41
26345,30,5,25
26391,46,11,35
26435,44,10,33
26478,43,10,31
26524,46,13,32
26559,35,7,27
26592,33,6,25
26656,64,19,43
26683,27,3,23
26731,48,13,33
26786,55,16,38
26829,43,11,31
26868,39,9,28
26896,28,4,24
26924,28,3,24
26969,45,13,32
27011,42,10,31
27082,71,23,45
27122,40,9,29
27161,39,9,29
27202,41,10,31
27274,72,25,47
27320,46,12,33
27362,42,12,30
27396,34,6,26
27456,60,16,40
27487,31,5,25
27538,51,15,36
27587,49,12,33
27621,34,5,26
27671,50,14,36
27728,57,15,36
27761,33,5,26
27798,37,8,29
27852,54,13,36
27896,44,11,32
27940,44,10,32
28006,66,21,43
28041,35,7,26
28081,40,8,30
28114,33,6,27
28157,43,11,32
28204,47,11,33
28242,38,9,27
28273,31,5,26
28297,24,2,22
28335,38,8,29
28372,37,8,29
28395,23,1,21
28437,42,9,31
28469,32,5,26
28506,37,7,28
28540,34,7,26
28572,32,5,27
28639,67,22,44
28673,34,7,26
28719,46,12,32
28750,31,5,23
28812,62,17,39
28852,40,8,29
28885,33,6,26
28931,46,12,33
28975,44,9,30
29004,29,3,23
29057,53,16,36
29085,28,3,22
29112,27,3,23
29145,33,6,25
29180,35,7,28
29218,38,10,28
29262,44,11,32
29322,60,17,39
29359,37,8,28
29420,61,18,41
29453,33,6,26
29498,45,11,31
29540,42,10,32
29577,37,6,28
29619,42,8,31
29652,33,6,25
29688,36,8,28
29736,48,13,35
29774,38,8,30
29817,43,10,30
29885,68,20,45
29939,54,16,36
29981,42,9,31
30032,51,13,35
30062,30,5,25
30091,29,5,23
30148,57,16,37
30187,39,9,29
30242,55,15,37
30274,32,6,26
30305,31,5,25
30354,49,13,34
30400,46,13,33
30441,41,9,30
30477,36,6,28
30522,45,11,32
30558,36,7,28
30596,38,9,27
30640,44,9,31
30674,34,6,26
30702,28,3,23
30746,44,12,31
30778,32,6,26
30830,52,14,37
30865,35,6,26
30906,41,9,30
30942,36,8,28
30985,43,11,32
31013,28,3,24
31043,30,5,25
31074,31,4,25
31105,31,6,25
31137,32,5,25
31181,44,12,32
31229,48,11,33
31257,28,4,24
31292,35,5,27
31331,39,9,29
31369,38,9,28
31430,61,21,39
31486,56,14,36
31523,37,7,27
31578,55,16,37
31608,30,5,25
31638,30,5,25
31667,29,3,24
31699,32,5,26
31736,37,8,28
31796,60,17,39
31831,35,6,27
31878,47,14,33
31920,42,10,31
31978,58,16,39
32012,34,6,27
32046,34,6,27
32084,38,8,29
32126,42,11,31
32150,24,2,22
32187,37,7,28
32243,56,15,39
32289,46,12,34
32337,48,14,34
32396,59,16,39
32454,58,16,37
32495,41,8,31
32539,44,11,33
32580,41,9,32
32610,30,4,24
32651,41,8,29
32687,36,8,26
32732,45,11,32
32764,32,5,25
32791,27,3,23
32820,29,4,24
32842,22,1,21
32876,34,6,28
32926,50,14,35
32973,47,12,31
32995,22,0,20
33041,46,12,34
33093,52,14,35
33124,31,5,26
33156,32,5,24
33181,25,1,22
33224,43,10,31
33264,40,8,28
33306,42,12,30
33341,35,7,28
33380,39,9,29
33429,49,12,35
33485,56,15,37
33510,25,2,22
33557,47,12,34
33639,82,26,52
33688,49,13,36
33723,35,7,27
33791,68,23,45
33819,28,3,24
33855,36,7,27
33908,53,15,36
33932,24,2,20
33976,44,10,33
34007,31,5,25
34041,34,6,27
34112,71,22,45
34138,26,3,21
34168,30,5,25
34201,33,5,25
34225,24,2,22
34257,32,5,27
34295,38,9,28
34339,44,8,31
34377,38,8,28
34412,35,7,27
34444,32,5,26
34487,43,10,32
34513,26,3,23
34562,49,14,35
34605,43,11,30
34637,32,5,25
34671,34,6,26
34714,43,11,31
34751,37,8,28
34795,44,10,32
34825,30,5,24
34861,36,6,27
34894,33,5,26
34947,53,14,37
34975,28,3,23
35016,41,9,30
35047,31,5,26
35076,29,3,23
35104,28,4,24
35131,27,2,22
35164,33,5,25
35212,48,11,34
35257,45,11,31
35289,32,6,26
35335,46,11,33
35386,51,14,34
35431,45,11,33
35482,51,14,36
35544,62,18,39
35583,39,9,30
35609,26,2,22
35665,56,16,38
35705,40,10,30
35740,35,6,27
35769,29,3,23
35821,52,13,35
35873,52,15,36
35900,27,3,24
35944,44,11,32
35992,48,13,33
36016,24,2,22
36047,31,5,25
36079,32,6,26
36133,54,13,40
36172,39,8,29
36209,37,6,28
36244,35,6,25
36285,41,10,31
36337,52,12,36
36365,28,4,24
36426,61,18,41
36473,47,12,33
36531,58,17,38
36572,41,10,30
36631,59,17,40
36681,50,13,37
36718,37,8,28
36763,45,11,33
36799,36,7,28
36848,49,12,34
36874,26,2,23
36934,60,18,40
36978,44,10,30
37017,39,9,28
37042,25,2,22
37102,60,17,40
37143,41,8,30
37199,56,15,39
37229,30,4,24
37257,28,3,24
37311,54,17,35
37368,57,17,38
37394,26,3,23
37428,34,6,27
37467,39,9,30
37497,30,5,24
37550,53,15,36
37579,29,4,24
37617,38,8,28
37656,39,9,29
37688,32,5,26
37714,26,3,22
37745,31,5,26
37801,56,15,37
37839,38,7,28
37881,42,10,30
37922,41,10,30
37955,33,6,26
37984,29,4,25
38033,49,11,35
38086,53,14,36
38123,37,7,27
38162,39,8,29
38197,35,6,28
38224,27,2,22
38250,26,3,23
38282,32,5,25
38338,56,15,39
38373,35,7,28
38428,55,16,36
38467,39,9,30
38495,28,3,25
38540,45,12,32
38581,41,9,30
38617,36,6,28
38663,46,12,34
38699,36,7,28
38738,39,8,29
38772,34,7,27
38802,30,5,25
38857,55,16,38
38890,33,7,25
38937,47,12,34
39000,63,19,39
39039,39,8,30
39079,40,9,30
39105,26,3,23
39132,27,4,22
39179,47,12,34
39204,25,2,22
39232,28,2,22
39278,46,11,33
39363,85,30,54
39392,29,4,24
39455,63,20,41
39490,35,6,28
39517,27,3,24
39561,44,11,32
39602,41,11,30
39632,30,4,24
39667,35,6,27
39709,42,10,32
39746,37,8,28
39807,61,20,40
39851,44,11,30
39889,38,8,28
39918,29,4,25
39953,35,8,27
39979,26,3,23
40039,60,16,40
40088,49,13,36
40119,31,5,26
40156,37,9,27
40207,51,13,35
40241,34,7,27
40295,54,14,35
40324,29,4,23
40358,34,6,25
40413,55,15,39
40449,36,9,27
40481,32,4,25
40518,37,7,28
40579,61,17,41
40606,27,4,22
40653,47,12,34
40712,59,14,37
40751,39,8,28
40776,25,2,23
40805,29,4,25
40855,50,13,35
40890,35,7,28
40927,37,9,28
41002,75,24,48
41058,56,16,38
41100,42,10,30
41133,33,6,26
41186,53,14,37
41218,32,5,27
41275,57,17,38
41302,27,4,22
41328,26,3,23
41364,36,6,29
41405,41,8,29
41441,36,8,28
41491,50,14,35
41525,34,7,27
41554,29,4,24
41603,49,14,33
41632,29,4,24
41674,42,10,31
41725,51,14,36
41772,47,12,33
41816,44,12,31
41858,42,10,32
41892,34,7,27
41932,40,10,29
41993,61,16,39
42032,39,9,30
42097,65,19,43
42134,37,7,27
42156,22,1,21
42249,93,31,55
42295,46,11,31
42349,54,15,37
42404,55,16,37
42440,36,7,28
42500,60,17,42
42528,28,4,24
42565,37,8,28
42594,29,4,25
42635,41,8,30
42670,35,6,28
42718,48,12,33
42756,38,8,29
42796,40,10,30
42830,34,7,27
42866,36,8,28
42899,33,6,26
42933,34,7,27
42959,26,3,23
42993,34,7,27
43021,28,4,24
43058,37,6,28
43105,47,13,32
43146,41,8,30
43170,24,2,22
43212,42,9,32
43247,35,6,27
43287,40,8,29
43331,44,10,31
43364,33,6,26
43389,25,2,22
43435,46,9,32
43478,43,11,31
43553,75,25,49
43593,40,9,30
43625,32,5,26
43655,30,6,24
43707,52,14,36
43761,54,15,37
43797,36,8,27
43837,40,9,30
43885,48,13,35
43924,39,9,30
43945,21,0,20
43981,36,7,28
44060,79,25,48
44097,37,8,27
44144,47,12,35
44196,52,14,37
44238,42,11,31
44307,69,21,45
44334,27,3,24
44360,26,3,23
44387,27,3,24
44418,31,5,25
44462,44,11,30
44505,43,10,31
44545,40,9,28
44590,45,12,33
44657,67,21,45
44683,26,3,23
44714,31,5,24
44744,30,4,24
44789,45,11,32
44839,50,12,35
44892,53,16,36
44936,44,12,32
44972,36,8,27
45003,31,4,24
45032,29,3,23
45065,33,5,25
45119,54,16,35
45155,36,7,28
45192,37,9,27
45232,40,9,31
45257,25,2,22
45303,46,12,32
45366,63,19,40
45391,25,3,21
45419,28,3,25
45453,34,6,26
45487,34,7,26
45521,34,6,27
45541,20,0,20
45575,34,7,27
45649,74,23,49
45692,43,10,32
45728,36,7,27
45798,70,22,46
45825,27,3,23
45872,47,13,33
45901,29,5,23
45947,46,11,34
45980,33,5,26
46033,53,15,34
46065,32,6,26
46106,41,9,32
46160,54,14,36
46202,42,9,31
46222,20,0,20
46279,57,15,38
46314,35,7,27
46374,60,16,40
46413,39,10,29
46455,42,8,30
46487,32,6,24
46554,67,23,43
46595,41,10,29
46618,23,1,21
46639,21,0,20
46684,45,10,30
46718,34,7,26
46767,49,12,34
46795,28,3,24
46862,67,21,44
46898,36,7,27
46956,58,16,38
46992,36,7,28
47034,42,11,30
47079,45,10,31
47137,58,17,41
47186,49,13,33
47229,43,11,30
47259,30,5,23
47338,79,26,49
47386,48,13,34
47445,59,18,37
47489,44,9,31
47512,23,1,21
47557,45,11,32
47603,46,10,33
47632,29,5,24
47682,50,13,34
47718,36,6,27
47761,43,9,30
47796,35,6,27
47823,27,3,23
47880,57,16,39
47908,28,4,24
48003,95,30,59
48034,31,6,24
48113,79,27,51
48150,37,8,29
48199,49,13,35
48232,33,6,25
48261,29,4,23
48293,32,6,26
48323,30,5,25
48360,37,6,27
48382,22,2,20
48414,32,5,25
48459,45,10,33
48488,29,3,24
48529,41,10,31
48568,39,7,29
48626,58,17,41
48662,36,6,28
48722,60,17,41
48760,38,9,29
48802,42,10,30
48840,38,8,30
48886,46,11,32
48928,42,9,31
48968,40,8,30
49015,47,14,33
49045,30,4,26
49073,28,3,23
49117,44,10,33
49159,42,8,30
49208,49,12,34
49236,28,3,23
49267,31,6,24
49298,31,5,24
49339,41,8,31
49367,28,4,24
49419,52,16,34
49471,52,14,35
49516,45,11,32
49548,32,4,25
49585,37,7,28
49611,26,4,22
49639,28,4,24
49662,23,1,21
49688,26,4,22
49714,26,3,23
49744,30,4,24
49787,43,11,30
49814,27,3,23
49838,24,2,22
49868,30,3,24
49894,26,2,22
49933,39,8,29
49971,38,8,28
50007,36,7,29
50038,31,4,24
50088,50,13,34
50114,26,2,23
50154,40,8,31
50185,31,5,25
50213,28,4,24
50245,32,6,26
50294,49,12,35
50336,42,10,30
50386,50,13,37
50411,25,2,22
50464,53,16,37
50513,49,13,35
50543,30,5,24
50583,40,9,30
50645,62,19,42
50679,34,6,27
50736,57,15,38
50778,42,10,29
50833,55,14,36
50859,26,3,22
50896,37,8,28
50972,76,23,48
51025,53,15,35
51067,42,10,31
51100,33,6,27
51146,46,10,33
51215,69,22,45
51242,27,3,23
51302,60,16,40
51342,40,9,28
51377,35,6,28
51403,26,3,23
51446,43,11,30
51472,26,2,22
51509,37,7,29
51549,40,8,30
51622,73,23,47
51687,65,20,43
51736,49,14,34
51816,80,26,51
51847,31,4,25
51886,39,9,29
51922,36,7,28
51948,26,3,23
51977,29,4,25
52031,54,15,37
52064,33,7,26
52154,90,29,55
52187,33,6,26
52232,45,11,33
52270,38,9,28
52309,39,8,30
52343,34,7,27
52366,23,1,21
52401,35,6,26
52443,42,10,32
52477,34,6,26
52545,68,22,44
52589,44,10,33
52634,45,10,33
52664,30,4,25
52699,35,8,26
52732,33,5,26
52787,55,16,37
52834,47,13,34
52865,31,5,26
52907,42,8,30
52945,38,8,28
52987,42,10,30
53041,54,14,36
53096,55,17,37
53127,31,5,25
53165,38,7,29
53206,41,9,28
53261,55,15,37
53306,45,10,31
53333,27,3,24
53367,34,6,26
53389,22,0,20
53414,25,2,22
53445,31,5,24
53484,39,7,28
53521,37,7,28
53550,29,5,23
53593,43,11,32
53631,38,9,27
53706,75,24,49
53753,47,12,33
53785,32,7,25
53809,24,1,22
53841,32,6,25
53877,36,7,28
53926,49,13,34
53989,63,19,41
54030,41,8,31
54074,44,11,32
54108,34,6,27
54162,54,14,38
54187,25,3,21
54225,38,9,29
54258,33,6,27
54303,45,11,32
54343,40,9,30
54385,42,8,32
54426,41,9,30
54464,38,8,28
54503,39,9,28
54549,46,12,34
54579,30,4,22
54614,35,6,28
54654,40,8,30
54685,31,5,26
54715,30,4,25
54750,35,7,28
54800,50,12,36
54871,71,25,45
54903,32,6,25
54942,39,8,29
54990,48,12,35
55031,41,11,30
55063,32,6,26
55100,37,7,28
55140,40,8,29
55177,37,7,28
55213,36,8,28
55246,33,5,27
55282,36,7,28
55331,49,12,34
55363,32,6,26
55401,38,7,27
55442,41,11,30
55472,30,4,25
55525,53,14,38
55572,47,12,33
55623,51,13,35
55665,42,11,30
55689,24,1,22
55729,40,10,30
55753,24,2,22
55778,25,2,23
55869,91,31,56
55917,48,12,33
55946,29,4,25
55989,43,10,30
56049,60,17,42
56096,47,12,35
56141,45,10,32
56188,47,11,32
56227,39,8,29
56288,61,19,41
56328,40,9,28
56358,30,3,24
56405,47,12,32
56457,52,16,35
56510,53,15,36
56576,66,21,44
56644,68,21,44
56677,33,6,27
56714,37,9,27
56782,68,22,43
56813,31,4,24
56873,60,18,39
56916,43,11,32
56955,39,8,29
56993,38,9,27
57045,52,16,36
57089,44,12,32
57120,31,4,24
57152,32,5,26
57180,28,3,24
57237,57,16,39
57269,32,5,26
57352,83,28,53
57393,41,10,30
57453,60,18,40
57504,51,16,34
57563,59,18,41
57603,40,10,30
57625,22,2,20
57666,41,9,30
57694,28,4,23
57739,45,11,34
57764,25,1,21
57811,47,11,33
57862,51,13,36
57905,43,8,31
57978,73,21,44
58018,40,10,30
58059,41,9,31
58107,48,11,34
58133,26,3,23
58183,50,13,35
58228,45,12,32
58276,48,13,35
58313,37,7,28
58379,66,19,41
58406,27,3,23
58448,42,10,32
58485,37,7,27
58523,38,8,28
58573,50,14,35
58625,52,14,36
58648,23,1,21
58707,59,15,39
58750,43,11,32
58783,33,6,26
58835,52,15,36
58868,33,5,25
58896,28,4,24
58938,42,10,31
58989,51,14,35
59056,67,21,44
59095,39,9,29
59126,31,5,26
59161,35,7,28
59200,39,8,30
59243,43,8,30
59297,54,17,37
59336,39,10,28
59375,39,9,30
59408,33,6,27
59441,33,6,27
59488,47,12,32
59533,45,11,32
59563,30,4,24
59626,63,19,41
59658,32,5,26
59690,32,6,25
59712,22,0,20
59740,28,3,23
59777,37,7,28
59818,41,9,30
59854,36,8,28
59893,39,9,30
59926,33,7,25
59961,35,6,26
60014,53,14,39
60053,39,8,30
60093,40,9,29
60117,24,2,22
60175,58,17,41
60228,53,16,35
60262,34,6,28
60306,44,11,31
60337,31,5,25
60410,73,24,45
60449,39,10,28
60501,52,13,35
60530,29,4,24
60564,34,6,27
60609,45,11,32
60636,27,3,24
60674,38,8,29
60732,58,16,39
60771,39,8,30
60797,26,2,22
60831,34,5,26
60864,33,6,27
60897,33,5,26
60938,41,10,30
60973,35,7,28
61003,30,5,24
61066,63,19,41
61105,39,9,30
61130,25,2,22
61162,32,4,27
61204,42,10,30
61250,46,12,34
61280,30,4,25
61322,42,8,28
61346,24,3,21
61387,41,9,31
61429,42,8,28
61474,45,10,32
61517,43,10,31
61556,39,7,31
61606,50,13,36
61638,32,5,25
61677,39,9,30
61712,35,7,27
61763,51,12,34
61801,38,9,29
61845,44,10,31
61893,48,14,33
61934,41,9,30
61975,41,8,33
62013,38,7,29
62043,30,6,24
62082,39,9,29
62127,45,11,32
62187,60,17,39
62224,37,6,27
62283,59,18,39
62318,35,8,26
62350,32,5,25
62382,32,5,27
62422,40,9,30
62466,44,10,31
62510,44,12,30
62544,34,6,26
62571,27,4,22
62601,30,4,23
62632,31,5,26
62664,32,5,26
62702,38,8,29
62751,49,13,35
62782,31,4,26
62819,37,7,30
62857,38,8,28
62893,36,8,28
62945,52,13,36
63017,72,23,46
63042,25,2,23
63094,52,15,34
63125,31,5,25
63163,38,7,29
63211,48,10,35
63240,29,4,25
63288,48,11,34
63314,26,3,23
63364,50,13,32
63397,33,6,26
63431,34,5,24
63476,45,11,32
63510,34,6,27
63562,52,13,35
63602,40,10,30
63641,39,8,29
63678,37,8,28
63700,22,1,21
63737,37,9,28
63806,69,21,44
63837,31,4,24
63865,28,4,24
63893,28,5,23
63923,30,4,25
63978,55,16,36
64009,31,5,25
64053,44,11,31
64098,45,12,30
64137,39,9,30
64172,35,8,27
64240,68,21,45
64271,31,6,25
64332,61,20,40
64378,46,13,31
64441,63,19,42
64497,56,16,38
64546,49,12,35
64573,27,2,22
64598,25,2,23
64665,67,22,43
64696,31,6,25
64727,31,5,23
64771,44,10,32
64820,49,13,33
64850,30,5,25
64877,27,4,22
64910,33,5,25
64944,34,5,26
64997,53,16,36
65028,31,4,25
65076,48,13,34
65113,37,8,29
65150,37,6,28
65209,59,17,40
65241,32,6,26
65281,40,8,29
65322,41,8,31
65347,25,2,22
65399,52,12,36
65463,64,19,43
65487,24,2,22
65540,53,15,36
65587,47,12,33
65620,33,6,26
65658,38,8,29
65686,28,3,24
65737,51,15,35
65810,73,24,48
65856,46,12,34
65881,25,2,22
65910,29,4,24
65937,27,3,23
65957,20,0,20
65994,37,7,29
66068,74,22,47
66088,20,1,19
66117,29,2,23
66171,54,16,37
66211,40,9,30
66263,52,14,35
66292,29,4,24
66336,44,10,31
66391,55,16,38
66448,57,17,39
66479,31,5,26
66515,36,9,27
66557,42,10,30
66596,39,8,28
66634,38,8,29
66676,42,10,29
66709,33,6,27
66738,29,4,24
66765,27,3,23
66812,47,12,34
66843,31,3,25
66875,32,7,25
66925,50,14,35
66949,24,2,21
66980,31,5,26
67040,60,18,41
67086,46,12,32
67125,39,8,29
67167,42,11,31
67199,32,6,26
67247,48,13,35
67296,49,13,35
67327,31,5,25
67356,29,5,23
67396,40,9,30
67418,22,1,21
67451,33,6,26
67489,38,7,29
67512,23,1,21
67553,41,8,29
67598,45,12,32
67633,35,7,28
67685,52,15,36
67717,32,5,27
67746,29,5,23
67795,49,13,35
67831,36,7,28
67890,59,18,38
67928,38,7,27
67973,45,11,31
68017,44,10,33
68047,30,3,23
68092,45,11,33
68135,43,9,30
68185,50,14,33
68237,52,13,35
68261,24,2,22
68318,57,16,38
68370,52,16,35
68403,33,5,26
68457,54,15,36
68499,42,10,32
68530,31,5,25
68568,38,8,27
68622,54,14,35
68666,44,10,33
68696,30,4,24
68738,42,10,31
68758,20,0,20
68811,53,14,37
68848,37,7,26
68892,44,8,31
68931,39,8,29
68962,31,5,25
68993,31,5,26
69022,29,3,23
69059,37,8,29
69094,35,7,28
69135,41,10,30
69191,56,18,38
69263,72,23,45
69315,52,14,33
69351,36,7,28
69383,32,5,26
69411,28,4,22
69444,33,4,25
69478,34,6,26
69515,37,8,27
69544,29,4,24
69578,34,7,27
69626,48,12,35
69660,34,5,25
69722,62,20,41
69753,31,4,23
69785,32,5,26
69813,28,5,23
69833,20,0,20
69877,44,10,32
69912,35,5,26
69949,37,8,29
70004,55,14,36
70038,34,6,27
70081,43,9,32
70109,28,3,23
70157,48,14,33
70188,31,5,25
70228,40,9,31
70252,24,2,22
70280,28,4,24
70312,32,7,25
70363,51,13,38
70391,28,3,24
70427,36,7,27
70479,52,14,37
70515,36,8,28
70588,73,24,45
70619,31,4,24
70667,48,11,34
70703,36,7,27
70760,57,17,38
70794,34,6,26
70835,41,9,30
70869,34,7,27
70910,41,10,30
70957,47,13,33
70994,37,8,28
71055,61,16,39
71086,31,4,26
71118,32,5,25
71157,39,9,30
71223,66,20,45
71287,64,20,42
71327,40,9,29
71373,46,11,32
71412,39,7,28
71436,24,2,22
71464,28,4,24
71511,47,12,35
71539,28,4,24
71581,42,11,31
71606,25,2,22
71647,41,8,30
71698,51,14,35
71741,43,11,29
71781,40,9,30
71817,36,8,27
71859,42,9,33
71902,43,8,31
71947,45,13,32
71972,25,3,22
72019,47,12,33
72059,40,10,30
72098,39,8,29
72137,39,9,30
72168,31,5,25
72203,35,6,27
72232,29,3,23
72278,46,12,32
72302,24,2,20
72363,61,19,42
72396,33,6,27
72440,44,10,32
72471,31,5,25
72508,37,9,27
72550,42,10,30
72587,37,8,28
72619,32,6,26
72655,36,8,28
72691,36,6,27
72720,29,5,24
72750,30,5,25
72818,68,21,43
72863,45,10,31
72888,25,3,21
72928,40,9,30
72952,24,2,22
72984,32,6,26
73019,35,6,28
73053,34,7,27
73094,41,10,31
73136,42,9,30
73169,33,6,27
73193,24,1,22
73232,39,9,29
73287,55,15,38
73337,50,13,36
73364,27,3,22
73400,36,8,28
73448,48,14,32
73478,30,6,24
73539,61,19,39
73584,45,11,31
73621,37,7,28
73658,37,5,27
73698,40,8,30
73753,55,15,37
73781,28,5,23
73819,38,9,29
73866,47,10,32
73925,59,16,41
73957,32,5,26
74004,47,12,33
74030,26,4,22
74054,24,2,22
74101,47,12,33
74161,60,20,40
74187,26,2,22
74230,43,10,30
74271,41,9,31
74318,47,12,33
74347,29,4,24
74409,62,19,40
74439,30,4,25
74478,39,7,29
74547,69,22,45
74618,71,22,46
74672,54,15,36
74713,41,8,30
74766,53,16,36
74793,27,3,23
74835,42,8,31
74870,35,7,27
74913,43,9,31
74958,45,10,31
75026,68,22,44
75065,39,8,27
75104,39,9,29
75139,35,7,28
75165,26,3,23
75220,55,17,36
75250,30,5,25
75272,22,1,21
75306,34,6,26
75348,42,9,31
75379,31,4,25
75428,49,11,35
75473,45,12,32
75500,27,3,23
75531,31,5,25
75564,33,7,26
75609,45,11,33
75651,42,10,32
75678,27,4,22
75703,25,2,22
75752,49,12,35
75796,44,11,31
75863,67,21,45
75898,35,7,28
75926,28,4,24
75968,42,9,30
76001,33,7,25
76043,42,8,33
76100,57,17,40
76134,34,5,25
76181,47,13,33
76223,42,9,32
76254,31,5,26
76296,42,10,31
76337,41,9,30
76380,43,10,33
76450,70,23,45
76486,36,7,28
76516,30,4,24
76549,33,6,26
76599,50,14,33
76651,52,13,37
76698,47,13,34
76729,31,5,25
76763,34,6,28
76794,31,4,25
76826,32,5,25
76854,28,3,23
76910,56,14,38
76960,50,13,35
77000,40,8,30
77045,45,10,32
77083,38,7,30
77135,52,14,38
77168,33,5,27
77206,38,9,29
77247,41,10,30
77273,26,3,23
77321,48,13,35
77361,40,9,29
77400,39,7,28
77432,32,5,26
77461,29,4,24
77505,44,11,33
77555,50,14,35
77595,40,9,31
77622,27,2,22
77650,28,3,23
77682,32,5,25
77738,56,15,37
77778,40,10,30
77812,34,5,27
77845,33,5,27
77885,40,8,32
77931,46,11,33
77977,46,13,33
78040,63,19,41
78089,49,13,33
78129,40,8,28
78171,42,10,32
78202,31,5,23
78233,31,5,24
78263,30,3,23
78297,34,7,25
78332,35,6,29
78361,29,4,24
78408,47,11,33
78451,43,11,31
78481,30,5,25
78518,37,8,28
78574,56,16,37
78603,29,4,23
78643,40,8,31
78680,37,7,28
78715,35,6,27
78757,42,10,31
78793,36,7,29
78823,30,5,25
78868,45,11,31
78903,35,7,28
78946,43,10,33
78984,38,7,29
79021,37,7,27
79058,37,8,29
79108,50,13,34
79132,24,2,20
79164,32,5,26
79196,32,6,26
79236,40,8,29
79293,57,16,37
79332,39,8,30
79404,72,23,46
79437,33,6,26
79484,47,11,34
79513,29,3,22
79546,33,5,26
79573,27,3,24
79610,37,7,29
79646,36,7,29
79683,37,7,28
79715,32,5,27
79761,46,12,33
79797,36,7,29
79836,39,9,29
79867,31,5,25
79903,36,6,27
79954,51,14,35
79987,33,6,27
80027,40,11,29
80063,36,7,28
80114,51,12,33
80143,29,3,24
80183,40,10,28
80250,67,20,44
80286,36,6,28
80318,32,5,26
80362,44,12,31
80397,35,6,27
80447,50,12,34
80467,20,0,20
80489,22,1,21
80524,35,7,27
80574,50,13,34
80610,36,7,27
80641,31,6,24
80684,43,11,31
80719,35,7,26
80752,33,5,25
80779,27,3,22
80820,41,9,29
80856,36,7,27
80896,40,8,30
80935,39,9,30
80970,35,7,27
81000,30,5,25
81039,39,8,29
81070,31,4,24
81108,38,8,27
81148,40,10,30
81183,35,6,28
81213,30,4,25
81257,44,10,32
81278,21,0,20
81325,47,13,33
81365,40,9,29
81406,41,9,31
81449,43,10,32
81476,27,3,23
81515,39,9,30
81540,25,2,22
81584,44,11,32
81620,36,8,27
81660,40,8,30
81725,65,19,42
81759,34,7,25
81797,38,10,28
81855,58,17,39
81895,40,8,31
81927,32,5,25
81974,47,13,33
82009,35,6,26
82036,27,3,22
82078,42,10,31
82125,47,13,33
82161,36,5,27
82198,37,8,29
82242,44,10,32
82271,29,5,24
82311,40,9,30
82337,26,2,23
82367,30,5,25
82393,26,3,23
82428,35,6,27
82467,39,9,30
82510,43,10,31
82581,71,23,46
82620,39,8,29
82666,46,12,34
82716,50,13,34
82762,46,11,33
82791,29,3,24
82815,24,2,22
82864,49,12,34
82905,41,9,32
82942,37,7,28
82988,46,11,33
83017,29,4,22
83052,35,7,27
83086,34,6,27
83115,29,5,23
83158,43,10,32
83201,43,9,29
83228,27,4,22
83250,22,1,21
83302,52,13,35
83328,26,2,22
83354,26,4,22
83424,70,21,47
83454,30,4,25
83504,50,14,35
83584,80,25,49
83627,43,11,31
83669,42,10,32
83697,28,3,23
83723,26,2,23
83758,35,6,26
83788,30,3,23
83820,32,5,25
83884,64,21,42
83921,37,8,28
83962,41,9,30
84015,53,14,35
84044,29,5,24
84103,59,16,36
84129,26,3,23
84166,37,9,27
84203,37,8,29
84248,45,12,32
84291,43,11,29
84339,48,13,35
84408,69,21,45
84441,33,5,26
84475,34,7,27
84513,38,7,30
84551,38,7,30
84602,51,14,36
84627,25,2,22
84680,53,16,35
84711,31,6,24
84744,33,5,27
84784,40,8,27
84823,39,9,30
84853,30,5,25
84879,26,3,23
84909,30,5,25
84942,33,7,25
84970,28,4,24
85003,33,6,27
85032,29,4,25
85067,35,6,27
85122,55,15,38
85160,38,8,30
85207,47,12,31
85254,47,11,33
85334,80,27,52
85364,30,5,25
85396,32,5,25
85434,38,7,30
85472,38,8,28
85500,28,4,24
85546,46,13,32
85580,34,6,26
85625,45,11,32
85655,30,4,25
85682,27,3,23
85726,44,12,32
85748,22,1,21
85788,40,9,30
85824,36,6,27
85854,30,4,26
85904,50,13,36
85958,54,17,37
85992,34,5,27
86035,43,10,31
86065,30,5,25
86111,46,11,31
86154,43,9,30
86191,37,7,27
86217,26,2,22
86256,39,8,30
86297,41,10,30
86328,31,5,25
86368,40,9,28
86405,37,7,29
86427,22,1,21
86494,67,19,43
86533,39,8,31
86582,49,13,35
86627,45,12,33
86666,39,8,30
86700,34,6,26
86744,44,12,30
86778,34,5,26
86807,29,2,23
86857,50,14,34
86898,41,8,30
86943,45,11,33
86974,31,4,24
87018,44,10,31
87072,54,17,36
87106,34,7,27
87146,40,10,30
87176,30,5,25
87215,39,6,28
87237,22,1,21
87277,40,9,31
87311,34,6,27
87343,32,7,25
87380,37,8,29
87400,20,1,19
87455,55,18,37
87492,37,7,27
87532,40,8,29
87567,35,7,27
87629,62,19,42
87680,51,13,35
87712,32,5,27
87744,32,5,26
87792,48,12,35
87829,37,7,28
87855,26,3,23
87910,55,17,37
87966,56,16,38
88008,42,9,31
88041,33,7,25
88095,54,14,34
88138,43,10,31
88162,24,2,21
88200,38,9,27
88222,22,1,21
88251,29,5,23
88317,66,20,45
88355,38,6,29
88388,33,5,26
88425,37,8,27
88461,36,8,28
88490,29,4,24
88561,71,21,47
88607,46,12,33
88667,60,16,42
88718,51,13,36
88755,37,7,28
88811,56,17,37
88846,35,7,27
88901,55,16,36
88940,39,10,28
88978,38,7,28
89005,27,3,23
89044,39,8,30
89087,43,10,31
89119,32,5,26
89191,72,23,45
89224,33,5,25
89254,30,4,24
89294,40,8,29
89337,43,10,32
89374,37,7,28
89408,34,7,26
89453,45,12,31
89481,28,3,23
89520,39,7,27
89575,55,16,38
89599,24,3,21
89631,32,5,27
89676,45,11,31
89707,31,5,24
89742,35,6,26
89785,43,9,33
89829,44,11,30
89872,43,10,33
89899,27,3,23
89939,40,10,30
89967,28,3,24
90011,44,11,30
90066,55,15,38
90121,55,15,39
90166,45,10,33
90220,54,15,38
90296,76,25,47
90332,36,6,26
90372,40,9,30
90405,33,6,24
90441,36,7,29
90474,33,7,26
90538,64,18,43
90585,47,12,32
90611,26,4,22
90642,31,5,25
90678,36,7,28
90727,49,13,35
90759,32,5,25
90798,39,10,29
90836,38,7,28
90874,38,8,29
90918,44,11,32
90942,24,2,22
90971,29,4,23
90995,24,3,21
91036,41,9,32
91091,55,16,38
91135,44,9,30
91169,34,6,26
91234,65,19,42
91273,39,7,30
91315,42,9,30
91357,42,10,30
91381,24,2,22
91423,42,10,31
91451,28,4,24
91479,28,4,22
91532,53,14,36
91563,31,4,26
91595,32,7,25
91636,41,9,30
91677,41,9,30
91736,59,17,36
91767,31,4,24
91816,49,12,36
91840,24,3,21
91878,38,8,30
91901,23,1,21
91960,59,18,41
91994,34,7,26
92024,30,4,24
92073,49,14,34
92127,54,13,38
92161,34,6,26
92201,40,8,31
92246,45,11,33
92288,42,10,30
92315,27,4,22
92340,25,3,21
92383,43,10,31
92409,26,3,22
92465,56,15,37
92511,46,10,35
92544,33,5,27
92606,62,19,42
92655,49,13,36
92692,37,8,26
92728,36,6,27
92767,39,8,30
92826,59,17,38
92863,37,7,28
92898,35,7,25
92925,27,3,23
92981,56,16,37
93014,33,6,26
93041,27,4,22
93081,40,9,30
93115,34,7,25
93155,40,9,30
93188,33,5,25
93223,35,6,28
93265,42,9,31
93289,24,2,22
93321,32,7,25
93355,34,5,25
93375,20,0,20
93411,36,7,26
93452,41,9,29
93491,39,8,29
93529,38,6,29
93563,34,6,26
93612,49,12,34
93655,43,11,30
93696,41,8,31
93721,25,1,21
93751,30,4,26
93799,48,11,34
93854,55,15,40
93884,30,4,23
93909,25,3,21
93934,25,2,22
93977,43,10,32
94018,41,10,29
94054,36,7,27
94091,37,7,28
94129,38,8,28
94168,39,9,29
94245,77,26,50
94274,29,4,24
94306,32,5,24
94368,62,18,41
94425,57,18,39
94469,44,10,30
94516,47,12,33
94550,34,6,27
94609,59,16,40
94650,41,9,30
94682,32,6,26
94730,48,10,32
94771,41,8,30
94810,39,8,29
94849,39,8,29
94878,29,5,24
94915,37,8,29
94939,24,1,21
94969,30,4,24
95013,44,10,31
95050,37,7,29
95075,25,1,21
95099,24,3,21
95137,38,8,28
95171,34,6,27
95198,27,3,23
95232,34,7,25
95266,34,7,27
95301,35,6,25
95327,26,3,23
95370,43,11,32
95407,37,6,28
95452,45,12,32
95474,22,1,21
95516,42,9,31
95549,33,6,27
95608,59,16,39
95677,69,23,43
95707,30,5,25
95727,20,0,20
95751,24,2,22
95797,46,12,34
95841,44,11,33
95869,28,5,23
95909,40,9,30
95931,22,1,21
95986,55,17,37
96027,41,10,30
96067,40,8,30
96096,29,3,24
96149,53,15,36
96182,33,5,26
96216,34,6,27
96253,37,8,28
96286,33,4,27
96315,29,4,24
96379,64,22,42
96420,41,10,30
96462,42,10,32
96505,43,10,32
96554,49,13,35
96593,39,8,31
96634,41,10,31
96674,40,9,28
96708,34,7,27
96750,42,9,29
96789,39,8,31
96824,35,7,27
96864,40,9,29
96896,32,7,25
96927,31,6,24
96979,52,15,36
97013,34,7,26
97043,30,5,24
97072,29,3,24
97116,44,10,30
97143,27,4,22
97188,45,11,32
97240,52,15,35
97273,33,6,27
97327,54,14,36
97360,33,7,25
97389,29,4,24
97452,63,19,44
97495,43,11,29
97531,36,7,27
97567,36,7,29
97603,36,7,28
97648,45,11,34
97675,27,4,22
97739,64,22,41
97773,34,7,27
97814,41,9,29
97850,36,7,27
97881,31,4,24
97910,29,3,23
97934,24,2,22
97977,43,9,31
97999,22,1,20
98030,31,4,24
98082,52,13,33
98138,56,16,39
98198,60,16,41
98226,28,4,24
98274,48,13,33
98310,36,8,27
98355,45,12,33
98386,31,5,26
98416,30,4,24
98448,32,5,26
98486,38,7,28
98535,49,12,32
98572,37,8,29
98603,31,4,25
98639,36,6,26
98697,58,17,40
98737,40,8,30
98768,31,5,24
98800,32,6,25
98844,44,11,33
98872,28,5,23
98912,40,9,31
98963,51,15,34
98998,35,6,28
99042,44,11,31
99069,27,2,22
99104,35,6,27
99144,40,6,30
99184,40,8,29
99240,56,17,37
99273,33,5,25
99324,51,13,36
99354,30,4,24
99389,35,7,28
99453,64,20,42
99482,29,4,24
99527,45,12,30
99578,51,12,33
99650,72,21,46
99687,37,8,29
99731,44,12,32
99765,34,6,28
99793,28,4,23
99825,32,5,26
99877,52,13,36
99921,44,11,31
99954,33,7,25
100007,53,15,37
100043,36,8,28
100091,48,14,34
100144,53,14,38
100187,43,11,31
100236,49,13,35
100267,31,6,24
100295,28,3,24
100319,24,2,22
100362,43,10,32
100425,63,19,43
100471,46,12,32
100517,46,11,32
100550,33,5,25
100583,33,6,27
100625,42,9,30
100654,29,3,24
100685,31,5,25
100720,35,6,27
100753,33,6,27
100803,50,15,34
100830,27,3,24
100859,29,4,24
100897,38,7,31
100940,43,12,31
100978,38,7,28
101013,35,7,26
101045,32,7,25
101085,40,9,31
101152,67,22,42
101186,34,6,27
101225,39,8,30
101255,30,4,25
101315,60,17,42
101365,50,13,35
101417,52,15,36
101455,38,9,29
101488,33,6,27
101538,50,14,35
101587,49,13,34
101620,33,7,25
101649,29,4,22
101686,37,7,27
101722,36,8,28
101759,37,7,28
101784,25,2,20
101847,63,19,41
101889,42,9,31
101913,24,2,22
101950,37,7,29
102008,58,16,37
102041,33,6,27
102102,61,19,42
102138,36,8,28
102172,34,8,26
102208,36,7,27
102260,52,15,37
102298,38,7,28
102350,52,15,35
102377,27,3,23
102413,36,8,26
102450,37,8,29
102485,35,6,28
102516,31,6,24
102557,41,11,29
102594,37,7,28
102654,60,18,39
102718,64,19,43
102754,36,7,29
102787,33,5,27
102819,32,5,26
102855,36,6,28
102889,34,6,27
102917,28,3,23
102956,39,8,30
103013,57,16,38
103077,64,19,42
103115,38,9,28
103145,30,4,25
103194,49,12,33
103231,37,7,28
103299,68,20,42
103345,46,11,31
103382,37,7,28
103406,24,2,22
103444,38,9,29
103475,31,6,24
103510,35,6,26
103542,32,5,26
103591,49,13,33
103630,39,9,29
103676,46,11,34
103699,23,1,21
103753,54,15,35
103775,22,2,20
103812,37,8,27
103867,55,15,40
103906,39,8,30
103932,26,2,23
103974,42,12,30
104014,40,10,30
104041,27,3,23
104081,40,10,28
104118,37,7,28
104160,42,10,31
104186,26,2,24
104242,56,16,39
104313,71,21,47
104357,44,10,32
104397,40,8,31
104419,22,1,21
104456,37,7,29
104494,38,6,28
104539,45,10,32
104581,42,10,30
104609,28,4,24
104656,47,12,34
104706,50,13,34
104737,31,4,24
104774,37,8,28
104820,46,13,33
104852,32,6,24
104899,47,13,32
104933,34,7,27
104979,46,9,31
105008,29,4,24
105040,32,5,25
105117,77,27,48
105174,57,17,38
105211,37,8,28
105268,57,15,38
105307,39,9,30
105340,33,6,26
105385,45,13,31
105431,46,12,32
105459,28,4,24
105499,40,9,30
105539,40,7,31
105601,62,18,39
105636,35,7,27
105683,47,12,33
105711,28,4,24
105745,34,7,26
105780,35,5,26
105841,61,18,41
105871,30,4,25
105911,40,9,29
105950,39,9,28
105993,43,10,32
106028,35,8,27
106049,21,0,20
106077,28,3,24
106117,40,9,29
106183,66,20,43
106219,36,4,25
106246,27,2,22
106292,46,11,33
106346,54,13,36
106391,45,12,32
106415,24,2,22
106440,25,3,21
106476,36,6,25
106522,46,12,32
106554,32,4,24
106589,35,7,28
106619,30,6,24
106673,54,15,37
106708,35,7,28
106751,43,10,31
106779,28,4,24
106828,49,12,34
106869,41,10,31
106903,34,5,27
106937,34,6,26
106979,42,11,31
107033,54,15,39
107066,33,6,26
107110,44,10,31
107144,34,7,27
107170,26,3,23
107212,42,10,30
107288,76,24,46
107320,32,7,25
107355,35,7,28
107397,42,10,32
107435,38,9,28
107464,29,4,24
107503,39,8,29
107550,47,11,35
107609,59,17,37
107643,34,7,27
107691,48,12,36
107723,32,5,26
107760,37,8,28
107802,42,9,31
107845,43,10,32
107876,31,5,24
107936,60,18,39
107997,61,19,41
108059,62,18,41
108092,33,7,25
108149,57,18,38
108179,30,5,25
108224,45,12,32
108248,24,2,22
108291,43,11,29
108352,61,18,41
108409,57,16,38
108464,55,15,38
108503,39,9,27
108541,38,8,28
108578,37,7,28
108648,70,21,46
108682,34,7,27
108722,40,9,31
108757,35,6,28
108793,36,8,28
108838,45,10,32
108873,35,7,28
108919,46,12,33
108945,26,4,22
108969,24,2,22
108995,26,3,23
109025,30,5,25
109064,39,9,29
109099,35,5,26
109130,31,4,24
109174,44,11,33
109202,28,4,24
109237,35,7,27
109278,41,9,30
109307,29,4,25
109342,35,7,27
109372,30,4,23
109419,47,11,33
109466,47,13,33
109500,34,7,27
109538,38,9,29
109579,41,9,30
109621,42,10,31
109655,34,7,27
109712,57,17,39
109744,32,6,25
109790,46,13,33
109830,40,8,29
109857,27,3,23
109905,48,12,34
109949,44,11,32
109993,44,10,31
110021,28,3,23
110047,26,2,22
110082,35,7,28
110115,33,6,27
110144,29,4,25
110190,46,12,34
110219,29,4,23
110257,38,10,28
110319,62,18,41
110384,65,20,44
110430,46,11,35
110462,32,7,25
110498,36,8,27
110537,39,9,30
110600,63,21,42
110640,40,8,28
110702,62,18,40
110737,35,8,26
110788,51,13,35
110854,66,21,43
110897,43,11,31
110924,27,3,23
110954,30,5,25
110996,42,9,30
111046,50,15,33
111080,34,7,27
111122,42,6,30
111174,52,15,36
111211,37,8,28
111267,56,16,39
111298,31,4,25
111346,48,13,35
111374,28,3,23
111407,33,7,26
111439,32,5,27
111464,25,2,23
111492,28,2,23
111521,29,4,24
111571,50,13,35
111601,30,4,26
111637,36,7,26
111677,40,9,30
111703,26,4,22
111749,46,12,34
111782,33,5,26
111810,28,4,23
111849,39,10,29
111873,24,2,22
111909,36,8,28
111944,35,7,26
111977,33,6,26
112005,28,5,23
112047,42,10,32
112090,43,12,30
112132,42,8,29
112178,46,11,34
112220,42,11,30
112250,30,4,25
112281,31,5,26
112310,29,3,24
112347,37,8,28
112401,54,16,38
112440,39,9,30
112476,36,7,26
112502,26,3,23
112558,56,16,38
112600,42,10,28
112629,29,4,24
112665,36,8,27
112695,30,5,25
112739,44,10,33
112775,36,8,28
112815,40,9,30
112870,55,16,37
112897,27,4,23
112935,38,8,28
112968,33,6,26
113005,37,8,29
113052,47,12,33
113078,26,4,22
113109,31,4,24
113150,41,9,29
113186,36,7,28
113239,53,15,35
113287,48,13,34
113337,50,13,36
113377,40,9,29
113412,35,7,27
113472,60,17,38
113507,35,6,27
113607,100,36,59
113675,68,21,44
113700,25,2,22
113732,32,5,27
113760,28,5,23
113796,36,8,28
113835,39,8,29
113867,32,5,25
113924,57,15,40
113969,45,12,30
114028,59,19,37
114052,24,2,22
114092,40,9,30
114131,39,9,29
114156,25,2,21
114186,30,5,25
114216,30,4,25
114238,22,1,21
114269,31,4,24
114315,46,13,33
114357,42,10,32
114409,52,15,36
114445,36,8,28
114503,58,18,40
114533,30,5,25
114577,44,10,33
114603,26,3,23
114659,56,15,40
114690,31,6,24
114743,53,15,37
114790,47,12,33
114832,42,11,30
114861,29,5,24
114911,50,14,35
114933,22,1,21
114966,33,6,26
115008,42,10,31
115058,50,14,35
115086,28,3,23
115123,37,8,27
115159,36,8,28
115199,40,9,31
115238,39,9,30
115277,39,7,27
115308,31,5,25
115360,52,15,36
115391,31,5,26
115433,42,10,31
115481,48,11,33
115511,30,4,25
115539,28,4,24
115574,35,6,27
115621,47,13,32
115672,51,15,35
115730,58,15,38
115758,28,4,24
115823,65,20,43
115849,26,2,23
115876,27,3,22
115921,45,12,33
115953,32,5,27
115997,44,11,32
116039,42,9,31
116089,50,12,35
116114,25,2,22
116184,70,21,44
116214,30,4,24
116263,49,12,35
116317,54,17,36
116348,31,4,25
116402,54,16,35
116449,47,12,33
116479,30,5,24
116517,38,8,29
116560,43,10,33
116594,34,5,25
116621,27,3,23
116652,31,5,26
116696,44,11,31
116755,59,17,41
116784,29,5,23
116857,73,23,48
116901,44,11,31
116932,31,4,26
116997,65,18,42
117039,42,9,31
117084,45,11,31
117137,53,15,36
117209,72,22,48
117236,27,2,24
117272,36,8,27
117317,45,12,33
117356,39,9,28
117391,35,5,26
117432,41,11,29
117479,47,10,33
117541,62,19,41
117569,28,4,24
117619,50,14,34
117676,57,15,36
117703,27,3,24
117741,38,7,28
117803,62,18,43
117842,39,8,30
117872,30,4,25
117904,32,5,26
117941,37,7,28
117971,30,5,25
118016,45,11,32
118067,51,13,32
118103,36,7,28
118129,26,3,23
118156,27,3,23
118189,33,5,25
118217,28,4,24
118278,61,18,41
118308,30,5,25
118364,56,16,39
118403,39,9,30
118440,37,8,28
118488,48,12,35
118521,33,5,27
118576,55,15,36
118614,38,7,30
118653,39,9,29
118697,44,11,32
118744,47,11,34
118788,44,11,32
118835,47,12,34
118876,41,8,32
118909,33,5,26
118961,52,14,37
118993,32,4,25
119036,43,10,33
119067,31,5,24
119096,29,4,22
119133,37,7,28
119161,28,3,23
119205,44,11,31
119254,49,14,34
119285,31,4,24
119337,52,15,35
119370,33,6,27
119413,43,12,31
119448,35,6,26
119488,40,9,30
119533,45,10,32
119567,34,7,27
119597,30,6,24
119658,61,17,42
119700,42,9,31
119730,30,4,25
119769,39,8,29
119809,40,10,28
119848,39,7,31
119883,35,6,25
119910,27,3,22
119942,32,6,26
119975,33,7,25
120007,32,6,26
120041,34,5,25
120083,42,11,31
120129,46,12,32
120161,32,5,25
120196,35,7,27
120232,36,7,29
120285,53,15,36
120318,33,5,26
120360,42,10,30
120386,26,1,22
120419,33,6,25
120453,34,6,27
120515,62,18,42
120569,54,16,38
120608,39,8,28
120643,35,7,27
120679,36,8,28
120717,38,8,29
120754,37,7,29
120784,30,4,25
120805,21,0,20
120863,58,16,37
120905,42,10,31
120944,39,8,30
120974,30,5,25
121010,36,8,28
121049,39,9,30
121077,28,3,23
121104,27,3,23
121142,38,8,30
121166,24,3,21
121212,46,12,33
121243,31,4,25
121294,51,13,35
121329,35,7,28
121378,49,14,34
121416,38,9,28
121452,36,8,28
121489,37,8,27
121534,45,11,31
121568,34,8,26
121624,56,17,38
121667,43,10,31
121700,33,6,26
121761,61,16,42
121800,39,8,29
121858,58,19,39
121903,45,12,33
121952,49,12,34
121980,28,4,22
122015,35,7,28
122047,32,5,25
122079,32,6,25
122120,41,8,29
122163,43,11,29
122194,31,4,26
122227,33,5,27
122278,51,13,36
122305,27,3,24
122343,38,9,29
122366,23,1,21
122393,27,3,23
122435,42,11,29
122492,57,16,39
122516,24,3,21
122567,51,15,34
122601,34,6,25
122635,34,6,27
122664,29,4,24
122696,32,5,25
122728,32,6,26
122771,43,10,30
122798,27,2,22
122841,43,11,30
122873,32,5,25
122908,35,7,28
122946,38,8,30
122994,48,13,34
123036,42,9,32
123067,31,5,25
123106,39,10,29
123151,45,10,33
123179,28,3,25
123209,30,5,25
123248,39,8,28
123302,54,13,36
123325,23,1,21
123373,48,13,34
123401,28,3,23
123450,49,12,36
123490,40,8,28
123523,33,5,27
123561,38,6,28
123587,26,2,22
123624,37,8,28
123669,45,11,30
123712,43,10,32
123742,30,4,24
123777,35,7,27
123804,27,3,22
123851,47,12,32
123892,41,10,30
123999,107,37,66
124051,52,15,36
124073,22,1,21
124122,49,12,35
124147,25,3,21
124175,28,4,24
124204,29,4,23
124229,25,2,22
124273,44,12,32
124318,45,10,33
124353,35,6,28
124377,24,1,22
124412,35,5,27
124446,34,6,27
124478,32,6,26
124504,26,2,22
124525,21,0,20
124564,39,9,27
124591,27,3,23
124633,42,10,29
124687,54,14,38
124738,51,13,36
124795,57,16,38
124848,53,15,38
124880,32,6,26
124910,30,6,24
124966,56,16,38
125003,37,8,29
125034,31,5,26
125076,42,9,29
125110,34,6,26
125158,48,12,34
125193,35,7,27
125213,20,0,20
125275,62,19,40
125314,39,8,30
125344,30,6,24
125370,26,2,22
125427,57,17,40
125454,27,4,23
125494,40,10,30
125554,60,17,41
125584,30,5,24
125620,36,7,29
125662,42,10,31
125710,48,11,36
125757,47,10,33
125806,49,13,34
125843,37,7,27
125880,37,8,29
125913,33,6,27
125954,41,10,29
125998,44,10,32
126033,35,7,27
126076,43,10,31
126100,24,1,22
126137,37,5,26
126164,27,3,23
126220,56,19,37
126264,44,9,32
126290,26,3,23
126339,49,12,35
126381,42,11,30
126410,29,5,23
126444,34,6,28
126495,51,15,34
126542,47,13,34
126601,59,18,41
126635,34,6,25
126656,21,0,20
126706,50,12,33
126734,28,5,23
126765,31,5,26
126808,43,10,31
126832,24,3,21
126870,38,9,29
126905,35,8,26
126944,39,8,27
126989,45,12,33
127028,39,8,31
127055,27,3,23
127096,41,10,31
127145,49,12,35
127247,102,36,60
127303,56,15,39
127365,62,21,40
127399,34,7,27
127437,38,8,29
127464,27,3,23
127526,62,17,40
127568,42,10,31
127614,46,12,33
127658,44,10,31
127698,40,10,29
127746,48,12,35
127794,48,12,34
127822,28,3,23
127851,29,4,24
127902,51,15,36
127931,29,4,25
127975,44,8,30
127997,22,1,21
128028,31,5,24
128075,47,12,32
128104,29,3,24
128142,38,8,29
128168,26,3,23
128204,36,7,27
128244,40,9,30
128283,39,7,28
128336,53,14,36
128382,46,9,32
128424,42,9,29
128465,41,9,30
128491,26,3,23
128531,40,8,29
128573,42,9,30
128605,32,6,26
128669,64,18,43
128705,36,7,28
128774,69,22,46
128800,26,4,22
128841,41,10,29
128864,23,2,20
128916,52,14,36
128970,54,13,34
129010,40,9,30
129062,52,14,36
129103,41,9,30
129148,45,12,33
129197,49,15,33
129225,28,3,25
129277,52,14,37
129302,25,3,21
129350,48,12,34
129387,37,7,27
129430,43,10,31
129480,50,13,34
129520,40,9,31
129579,59,19,39
129636,57,17,38
129669,33,6,26
129706,37,7,28
129759,53,14,36
129789,30,6,24
129843,54,16,36
129876,33,7,25
129912,36,7,27
129959,47,12,33
130029,70,21,46
130068,39,9,29
130102,34,5,25
130128,26,3,23
130165,37,7,28
130210,45,10,32
130280,70,23,46
130337,57,18,38
130391,54,14,36
130434,43,7,30
130459,25,2,22
130496,37,7,29
130543,47,13,34
130590,47,10,33
130616,26,2,22
130649,33,5,26
130693,44,11,32
130750,57,16,39
130778,28,3,25
130819,41,9,29
130850,31,5,25
130881,31,4,26
130921,40,9,30
130981,60,17,40
131036,55,14,38
131081,45,10,33
131109,28,5,23
131131,22,1,21
131155,24,2,22
131175,20,1,19
131198,23,2,20
131231,33,6,26
131281,50,13,34
131335,54,15,38
131424,89,30,56
131458,34,7,27
131489,31,6,24
131518,29,4,25
131550,32,5,26
131586,36,8,26
131624,38,5,28
131656,32,4,26
131690,34,7,25
131729,39,7,29
131768,39,10,29
131818,50,14,36
131842,24,3,21
131883,41,10,31
131912,29,4,25
131965,53,15,36
132001,36,7,27
132045,44,11,31
132070,25,2,21
132094,24,3,21
132125,31,3,24
132158,33,5,28
132192,34,6,26
132223,31,6,25
132266,43,10,32
132294,28,3,25
132334,40,9,27
132370,36,6,28
132405,35,7,27
132484,79,24,52
132523,39,8,28
132564,41,9,29
132596,32,5,25
132630,34,7,27
132667,37,7,29
132710,43,10,31
132742,32,5,26
132779,37,6,28
132809,30,4,24
132846,37,6,29
132874,28,3,24
132914,40,8,30
132939,25,2,22
132990,51,14,36
133016,26,3,21
133050,34,6,26
133094,44,10,32
133135,41,9,31
133167,32,5,26
133212,45,13,32
133258,46,11,31
133310,52,14,37
133356,46,12,32
133402,46,11,33
133448,46,12,32
133496,48,14,34
133523,27,2,22
133599,76,24,50
133642,43,10,33
133686,44,10,30
133719,33,6,25
133755,36,8,28
133784,29,4,24
133827,43,11,31
133873,46,11,33
133911,38,8,29
133952,41,8,31
133994,42,11,29
134037,43,11,31
134068,31,5,25
134102,34,5,27
134133,31,5,25
134185,52,14,36
134239,54,16,36
134283,44,11,32
134316,33,6,27
134340,24,2,20
134384,44,10,32
134424,40,9,31
134461,37,7,28
134504,43,12,31
134541,37,7,28
134591,50,15,35
134623,32,5,25
134654,31,6,25
134685,31,5,25
134727,42,9,29
134772,45,12,31
134809,37,8,28
134854,45,11,31
134891,37,8,29
134919,28,4,24
134960,41,8,28
135005,45,10,31
135031,26,3,21
135065,34,7,26
135093,28,5,23
135152,59,17,39
135200,48,12,33
135235,35,7,27
135277,42,9,29
135321,44,11,32
135373,52,13,38
135409,36,7,28
135440,31,3,24
135473,33,6,25
135515,42,9,31
135555,40,9,30
135621,66,19,42
135655,34,5,26
135682,27,3,24
135715,33,7,25
135758,43,10,32
135791,33,5,27
135828,37,7,28
135899,71,23,46
135937,38,7,29
135972,35,7,27
136009,37,8,28
136042,33,6,26
136076,34,7,27
136105,29,3,24
136152,47,11,33
136191,39,8,30
136230,39,8,28
136281,51,13,35
136364,83,29,52
136421,57,17,37
136481,60,19,41
136517,36,8,26
136547,30,3,25
136588,41,10,30
136623,35,6,28
136650,27,3,24
136688,38,8,29
136725,37,8,28
136773,48,12,34
136819,46,10,33
136842,23,1,22
136882,40,9,31
136914,32,6,26
136940,26,3,23
136978,38,9,29
137022,44,10,32
137064,42,10,31
137100,36,8,28
137156,56,17,38
137204,48,12,35
137256,52,14,38
137299,43,11,32
137331,32,4,24
137372,41,10,31
137404,32,5,25
137450,46,10,33
137493,43,10,31
137528,35,8,27
137553,25,2,22
137591,38,7,28
137623,32,6,26
137674,51,14,36
137711,37,7,28
137750,39,8,30
137793,43,10,31
137846,53,15,35
137876,30,4,25
137916,40,9,28
137967,51,13,34
138018,51,14,37
138056,38,8,29
138095,39,8,27
138126,31,5,25
138156,30,4,26
138193,37,7,29
138228,35,7,27
138270,42,11,31
138340,70,22,43
138380,40,10,28
138413,33,7,25
138451,38,9,29
138491,40,9,30
138523,32,5,27
138574,51,13,34
138613,39,9,28
138648,35,7,28
138674,26,3,21
138715,41,9,32
138749,34,7,27
138798,49,13,35
138828,30,3,24
138880,52,13,37
138929,49,13,35
138993,64,20,42
139016,23,1,21
139061,45,11,33
139109,48,13,33
139132,23,1,21
139155,23,1,21
139226,71,22,46
139260,34,6,27
139292,32,6,26
139348,56,15,37
139385,37,8,29
139429,44,10,31
139471,42,10,31
139503,32,5,26
139545,42,9,32
139583,38,7,30
139624,41,9,30
139661,37,7,28
139728,67,20,46
139781,53,15,37
139807,26,3,21
139840,33,7,25
139865,25,3,21
139903,38,6,29
139934,31,5,26
139963,29,4,23
140003,40,8,30
140038,35,6,26
140077,39,9,29
140123,46,12,31
140149,26,3,21
140183,34,5,26
140219,36,7,28
140255,36,8,28
140317,62,19,41
140374,57,16,40
140410,36,6,28
140440,30,4,25
140474,34,7,27
140510,36,8,27
140551,41,8,31
140591,40,9,31
140621,30,5,24
140665,44,11,32
140690,25,3,21
140730,40,10,29
140763,33,6,26
140830,67,19,46
140867,37,8,28
140904,37,8,29
140941,37,8,29
141004,63,20,41
141038,34,7,27
141075,37,7,28
141110,35,6,28
141153,43,8,31
141197,44,11,32
141221,24,2,22
141246,25,2,22
141278,32,6,26
141332,54,14,36
141367,35,7,28
141409,42,11,30
141474,65,19,43
141500,26,2,23
141546,46,11,32
141585,39,7,27
141637,52,14,35
141682,45,12,32
141725,43,9,30
141760,35,7,28
141787,27,3,23
141816,29,4,24
141852,36,6,28
141888,36,7,28
141927,39,9,30
141988,61,18,42
142020,32,6,26
142055,35,6,27
142093,38,7,27
142126,33,5,25
142161,35,7,26
142215,54,12,35
142244,29,4,25
142274,30,4,22
142309,35,7,26
142341,32,4,25
142368,27,3,23
142391,23,1,21
142421,30,5,24
142462,41,8,29
142500,38,9,29
142530,30,4,22
142599,69,21,45
142625,26,2,22
142667,42,10,32
142732,65,19,43
142764,32,6,26
142798,34,8,26
142830,32,6,25
142876,46,12,32
142926,50,12,35
142957,31,5,25
143007,50,14,35
143068,61,19,39
143097,29,4,24
143135,38,7,28
143190,55,15,38
143240,50,13,34
143266,26,2,22
143308,42,11,31
143343,35,7,27
143383,40,8,29
143408,25,2,22
143442,34,6,27
143479,37,8,27
143537,58,17,38
143576,39,8,27
143617,41,9,30
143648,31,4,26
143705,57,18,38
143737,32,6,25
143769,32,6,26
143817,48,13,33
143858,41,10,28
143892,34,6,26
143952,60,16,40
143999,47,13,34
144042,43,10,33
144104,62,19,41
144130,26,3,23
144184,54,15,37
144229,45,11,32
144272,43,11,32
144298,26,2,22
144342,44,12,31
144404,62,20,40
144454,50,13,33
144491,37,7,29
144528,37,8,28
144565,37,8,27
144612,47,12,34
144669,57,15,38
144696,27,3,24
144732,36,7,27
144765,33,6,26
144816,51,15,36
144851,35,7,27
144892,41,9,30
144924,32,5,26
144958,34,8,26
144998,40,8,29
145028,30,4,24
145062,34,6,26
145102,40,9,31
145147,45,12,33
145255,108,39,61
145285,30,5,25
145337,52,15,36
145382,45,12,32
145406,24,2,22
145455,49,11,34
145501,46,12,33
145533,32,6,25
145574,41,9,30
145631,57,14,37
145666,35,6,26
145692,26,3,23
145740,48,12,34
145799,59,15,40
145842,43,10,31
145875,33,7,25
145913,38,8,27
145951,38,7,27
146007,56,17,38
146037,30,6,24
146076,39,9,30
146116,40,8,29
146148,32,5,27
146184,36,8,28
146227,43,9,30
146274,47,11,32
146305,31,5,25
146341,36,7,28
146392,51,13,36
146429,37,8,28
146508,79,28,49
146567,59,18,39
146599,32,5,26
146633,34,7,25
146659,26,3,23
146707,48,14,33
146755,48,12,34
146791,36,7,29
146820,29,4,24
146859,39,8,30
146896,37,9,28
146949,53,15,38
146986,37,8,29
147016,30,4,24
147057,41,9,30
147089,32,5,26
147123,34,6,27
147171,48,12,34
147215,44,9,30
147264,49,12,33
147300,36,7,27
147333,33,4,24
147372,39,8,29
147410,38,8,28
147439,29,4,25
147482,43,9,33
147533,51,10,33
147573,40,9,29
147601,28,3,23
147637,36,7,28
147671,34,7,27
147720,49,14,35
147762,42,9,32
147824,62,17,41
147850,26,3,22
147915,65,20,42
147977,62,18,42
148010,33,5,26
148096,86,30,53
148135,39,9,28
148166,31,5,25
148195,29,4,24
148235,40,8,29
148269,34,7,26
148294,25,3,22
148342,48,13,34
148406,64,19,43
148441,35,6,26
148482,41,9,30
148546,64,21,41
148584,38,8,29
148622,38,7,28
148667,45,11,31
148730,63,20,41
148761,31,5,26
148798,37,8,29
148827,29,4,25
148870,43,9,32
148909,39,9,29
148940,31,5,26
148990,50,11,31
149038,48,12,33
149093,55,14,37
149133,40,9,30
149190,57,18,39
149220,30,4,24
149254,34,6,27
149278,24,1,22
149343,65,21,42
149376,33,6,25
149407,31,5,24
149436,29,5,24
149476,40,8,29
149510,34,7,26
149542,32,5,26
149581,39,8,30
149650,69,21,43
149680,30,4,25
149705,25,2,22
149738,33,6,26
149775,37,9,28
149816,41,9,30
149867,51,14,36
149912,45,11,32
149955,43,9,30
149998,43,12,30
150046,48,11,34
150081,35,5,26
150109,28,3,24
150169,60,19,41
150211,42,9,31
150254,43,11,32
150290,36,7,27
150335,45,11,32
150383,48,11,32
150411,28,4,24
150456,45,11,33
150496,40,9,30
150536,40,10,29
150563,27,3,23
150614,51,13,35
150685,71,21,47
150764,79,27,48
150799,35,7,27
150834,35,7,27
150887,53,15,35
150944,57,18,38
150987,43,12,30
151014,27,3,24
151049,35,7,28
151073,24,2,22
151127,54,14,37
151161,34,6,26
151196,35,7,28
151232,36,7,27
151266,34,6,26
151291,25,1,21
151337,46,12,33
151361,24,2,22
151411,50,14,36
151443,32,5,26
151478,35,8,27
151532,54,14,35
151572,40,8,29
151643,71,24,44
151703,60,19,39
151748,45,12,33
151804,56,17,39
151832,28,4,24
151866,34,6,26
151888,22,1,21
151927,39,8,29
151956,29,3,23
152009,53,15,37
152051,42,8,29
152079,28,5,23
152125,46,13,33
152182,57,17,39
152218,36,7,28
152260,42,10,31
152282,22,1,21
152337,55,14,36
152365,28,3,23
152404,39,8,28
152440,36,7,29
152485,45,12,33
152516,31,5,25
152557,41,10,30
152591,34,6,27
152632,41,9,31
152667,35,8,26
152705,38,8,27
152726,21,1,19
152771,45,10,34
152805,34,6,27
152864,59,18,40
152906,42,11,30
152941,35,6,27
152972,31,5,25
153016,44,10,33
153064,48,11,36
153097,33,6,26
153132,35,8,27
153174,42,11,30
153237,63,18,41
153279,42,10,31
153304,25,2,23
153334,30,4,22
153376,42,11,30
153425,49,11,34
153469,44,9,31
153518,49,12,34
153551,33,7,25
153586,35,7,28
153620,34,6,27
153650,30,4,25
153676,26,3,23
153739,63,19,44
153761,22,2,20
153817,56,16,38
153849,32,4,26
153885,36,6,28
153913,28,4,24
153953,40,9,29
154009,56,16,38
154038,29,5,23
154062,24,2,22
154113,51,14,35
154165,52,14,37
154194,29,4,25
154244,50,13,36
154278,34,6,26
154348,70,21,47
154392,44,12,30
154420,28,4,24
154449,29,5,23
154488,39,9,29
154523,35,7,27
154553,30,5,24
154600,47,11,35
154645,45,11,33
154681,36,7,28
154716,35,6,27
154748,32,5,26
154782,34,7,26
154821,39,7,28
154862,41,9,30
154887,25,2,22
154919,32,5,25
154969,50,13,33
155013,44,10,32
155069,56,15,37
155112,43,12,31
155162,50,13,35
155204,42,9,32
155249,45,12,33
155293,44,10,32
155329,36,7,27
155369,40,8,30
155417,48,12,34
155464,47,11,33
155518,54,15,38
155563,45,11,30
155612,49,12,36
155642,30,4,25
155679,37,8,29
155738,59,16,38
155826,88,29,51
155875,49,14,35
155928,53,14,37
155967,39,9,30
156009,42,9,31
156061,52,14,36
156093,32,5,25
156137,44,12,32
156167,30,4,23
156190,23,1,21
156223,33,6,26
156249,26,3,23
156292,43,10,31
156359,67,21,44
156391,32,5,25
156415,24,2,22
156456,41,10,30
156484,28,3,23
156531,47,12,34
156557,26,3,23
156598,41,10,29
156628,30,4,24
156656,28,3,24
156698,42,10,31
156757,59,16,40
156797,40,11,29
156844,47,12,33
156897,53,15,38
156921,24,1,21
156962,41,10,30
157004,42,10,30
157061,57,16,38
157091,30,5,25
157127,36,7,26
157169,42,10,31
157222,53,15,37
157269,47,11,34
157302,33,6,26
157339,37,7,28
157367,28,4,24
157402,35,6,26
157430,28,5,23
157481,51,14,37
157526,45,11,31
157605,79,24,49
157647,42,9,31
157682,35,7,27
157743,61,18,43
157778,35,5,26
157824,46,10,33
157872,48,14,34
157915,43,10,33
157956,41,9,30
157991,35,6,27
158040,49,13,35
158115,75,24,48
158161,46,11,34
158197,36,7,26
158237,40,10,30
158273,36,6,27
158329,56,17,39
158370,41,8,32
158412,42,9,31
158442,30,4,26
158482,40,8,30
158511,29,4,25
158556,45,10,34
158603,47,12,34
158657,54,14,37
158717,60,18,39
158769,52,14,36
158823,54,16,36
158861,38,9,29
158899,38,8,28
158953,54,14,35
158977,24,2,22
159010,33,6,26
159041,31,4,25
159072,31,6,24
159113,41,9,29
159159,46,12,31
159211,52,15,35
159236,25,2,22
159265,29,3,24
159294,29,5,23
159330,36,7,27
159364,34,7,27
159397,33,5,26
159440,43,11,31
159464,24,3,21
159496,32,5,26
159532,36,7,29
159559,27,3,23
159607,48,12,34
159642,35,7,27
159679,37,8,29
159708,29,4,24
159735,27,3,23
159776,41,9,30
159809,33,6,27
159848,39,9,30
159880,32,6,25
159920,40,10,30
159957,37,7,27
159999,42,8,30
160031,32,7,25
160070,39,9,29
160124,54,15,38
160170,46,12,34
160216,46,11,35
160253,37,8,28
160289,36,7,26
160328,39,10,29
160375,47,13,34
160413,38,7,29
160455,42,10,31
160494,39,9,28
160543,49,12,33
160581,38,8,28
160624,43,10,33
160663,39,9,29
160711,48,13,35
160744,33,7,25
160779,35,6,27
160806,27,3,24
160850,44,10,31
160885,35,7,27
160920,35,7,26
160971,51,15,35
161015,44,12,32
161072,57,15,37
161105,33,6,26
161154,49,14,35
161179,25,3,22
161202,23,1,21
161234,32,4,27
161280,46,11,32
161330,50,13,35
161393,63,20,40
161431,38,8,28
161455,24,2,22
161488,33,5,26
161546,58,18,39
161572,26,2,22
161611,39,8,28
161636,25,1,21
161672,36,6,27
161710,38,8,26
161761,51,14,36
161795,34,6,27
161833,38,9,28
161909,76,26,48
161961,52,15,36
161983,22,1,21
162032,49,13,35
162056,24,2,22
162094,38,7,27
162154,60,18,39
162180,26,2,22
162221,41,9,31
162264,43,8,31
162303,39,8,29
162328,25,3,21
162359,31,4,26
162400,41,10,31
162458,58,16,37
162511,53,14,36
162558,47,12,34
162596,38,8,29
162637,41,9,30
162667,30,5,23
162697,30,4,25
162733,36,7,27
162788,55,15,37
162828,40,9,30
162860,32,7,25
162906,46,11,34
162949,43,10,31
162982,33,7,26
163012,30,5,24
163061,49,12,35
163105,44,12,31
163133,28,4,24
163177,44,11,31
163209,32,5,25
163235,26,3,23
163277,42,10,31
163325,48,12,32
163362,37,8,27
163404,42,10,31
163459,55,16,37
163499,40,9,30
163556,57,17,37
163582,26,3,23
163627,45,11,32
163669,42,11,30
163729,60,18,41
163777,48,13,33
163818,41,10,29
163849,31,3,24
163919,70,22,45
163959,40,9,30
164034,75,23,46
164096,62,16,41
164132,36,7,27
164164,32,6,26
164201,37,7,29
164241,40,10,30
164278,37,7,28
164311,33,5,25
164353,42,10,31
164385,32,7,25
164418,33,5,25
164473,55,16,38
164507,34,5,25
164540,33,5,27
164569,29,4,25
164608,39,8,28
164643,35,7,28
164682,39,9,30
164717,35,7,25
164759,42,9,32
164812,53,14,38
164841,29,4,24
164867,26,2,22
164945,78,27,50
164993,48,14,34
165041,48,11,34
165086,45,11,33
165117,31,4,26
165157,40,8,31
165199,42,8,31
165251,52,14,38
165292,41,10,28
165330,38,8,28
165359,29,4,25
165384,25,2,23
165433,49,13,35
165461,28,4,24
165488,27,4,22
165538,50,12,35
165578,40,7,30
165612,34,6,25
165662,50,11,35
165697,35,7,28
165733,36,6,27
165779,46,12,34
165816,37,7,29
165860,44,11,32
165893,33,5,27
165925,32,3,26
165956,31,5,26
165997,41,9,31
166030,33,5,25
166065,35,6,26
166120,55,15,34
166164,44,10,30
166208,44,9,32
166259,51,13,36
166308,49,14,34
166330,22,1,21
166371,41,9,30
166399,28,4,23
166430,31,5,24
166475,45,12,32
166511,36,8,27
166547,36,6,28
166570,23,2,20
166620,50,12,36
166663,43,11,32
166711,48,12,35
166794,83,27,51
166840,46,12,34
166866,26,3,23
166894,28,4,24
166931,37,7,29
166983,52,15,34
167027,44,12,32
167053,26,4,22
167101,48,12,33
167147,46,11,33
167187,40,9,30
167223,36,7,29
167250,27,3,23
167284,34,6,27
167308,24,1,22
167358,50,15,34
167403,45,12,32
167441,38,9,27
167511,70,23,44
167540,29,4,24
167588,48,12,34
167622,34,6,27
167659,37,7,27
167688,29,4,24
167720,32,5,24
167754,34,7,27
167792,38,9,28
167841,49,11,34
167868,27,2,23
167905,37,9,28
167944,39,8,28
167974,30,4,25
168005,31,4,25
168040,35,7,27
168106,66,21,45
168151,45,10,31
168197,46,10,33
168240,43,11,32
168277,37,7,27
168319,42,11,29
168353,34,8,26
168390,37,9,27
168442,52,14,37
168484,42,9,32
168537,53,16,35
168577,40,9,30
168620,43,11,32
168649,29,5,23
168695,46,11,34
168734,39,8,29
168763,29,4,24
168807,44,12,30
168850,43,10,31
168885,35,8,27
168911,26,3,23
168945,34,7,27
168974,29,4,25
169028,54,15,38
169063,35,6,28
169146,83,28,53
169182,36,6,28
169212,30,4,25
169249,37,6,27
169273,24,3,21
169304,31,5,25
169330,26,4,22
169371,41,9,29
169403,32,6,26
169436,33,6,26
169469,33,5,25
169504,35,7,27
169570,66,20,43
169608,38,8,27
169656,48,13,34
169684,28,3,23
169720,36,7,28
169759,39,8,28
169783,24,2,22
169823,40,9,30
169848,25,3,21
169887,39,9,29
169925,38,8,28
169987,62,19,39
170021,34,7,27
170066,45,10,32
170116,50,14,35
170175,59,18,40
170209,34,7,25
170235,26,3,23
170271,36,7,29
170305,34,4,25
170340,35,6,27
170379,39,9,29
170419,40,9,30
170464,45,11,33
170491,27,3,23
170526,35,7,27
170571,45,11,33
170613,42,11,31
170661,48,13,35
170708,47,12,33
170743,35,7,27
170776,33,6,27
170818,42,7,30
170871,53,14,37
170933,62,16,39
170966,33,6,26
171003,37,7,28
171051,48,12,34
171101,50,13,36
171139,38,7,28
171175,36,6,28
171212,37,7,28
171260,48,13,34
171293,33,5,27
171371,78,22,51
171404,33,5,24
171461,57,17,37
171505,44,11,33
171541,36,8,26
171599,58,16,39
171636,37,7,27
171676,40,7,32
171756,80,26,50
171793,37,8,29
171827,34,6,27
171857,30,5,25
171882,25,2,22
171909,27,3,22
171946,37,8,29
171995,49,11,32
172031,36,8,28
172080,49,13,35
172107,27,3,24
172177,70,21,47
172219,42,10,32
172243,24,1,21
172274,31,5,26
172300,26,3,23
172337,37,8,28
172361,24,2,22
172408,47,12,33
172443,35,6,27
172478,35,7,27
172502,24,2,22
172536,34,7,26
172567,31,5,25
172608,41,10,31
172643,35,6,27
172693,50,14,34
172722,29,4,25
172779,57,16,38
172811,32,6,26
172848,37,6,27
172875,27,2,22
172902,27,4,22
172938,36,8,27
172980,42,10,32
173024,44,11,33
173062,38,8,28
173103,41,9,30
173135,32,6,26
173165,30,5,25
173200,35,8,26
173237,37,7,29
173266,29,4,25
173301,35,6,26
173337,36,7,27
173377,40,8,30
173415,38,7,28
173445,30,4,25
173488,43,10,33
173518,30,5,25
173550,32,7,25
173591,41,9,30
173617,26,3,23
173649,32,6,26
173682,33,6,26
173747,65,20,43
173794,47,12,34
173832,38,8,29
173898,66,21,43
173942,44,11,32
173986,44,11,32
174022,36,8,27
174060,38,7,28
174091,31,5,25
174129,38,8,29
174162,33,6,26
174195,33,7,25
174235,40,11,29
174298,63,20,43
174328,30,5,24
174372,44,11,32
174417,45,10,32
174447,30,5,25
174476,29,5,24
174499,23,2,20
174552,53,12,36
174582,30,6,24
174620,38,10,28
174667,47,13,33
174696,29,3,24
174724,28,3,24
174767,43,10,31
174795,28,4,24
174835,40,9,30
174904,69,20,44
174935,31,4,25
174968,33,6,26
174998,30,4,24
175024,26,3,23
175059,35,7,28
175087,28,4,24
175127,40,8,30
175151,24,2,22
175209,58,16,38
175258,49,13,35
175296,38,9,28
175333,37,7,29
175362,29,4,23
175418,56,17,37
175455,37,8,26
175496,41,9,32
175520,24,2,22
175558,38,8,28
175592,34,6,27
175630,38,7,27
175660,30,5,25
175728,68,22,43
175761,33,6,27
175797,36,6,27
175842,45,11,33
175933,91,32,53
175968,35,5,27
176023,55,16,36
176067,44,11,32
176135,68,20,42
176191,56,16,40
176218,27,4,23
176243,25,2,22
176288,45,11,32
176312,24,1,21
176346,34,7,27
176399,53,14,35
176439,40,8,29
176476,37,8,29
176520,44,10,31
176584,64,19,42
176616,32,5,25
176661,45,12,33
176710,49,14,33
176743,33,6,26
176774,31,5,24
176802,28,3,23
176841,39,7,29
176890,49,13,36
176923,33,6,26
176955,32,5,26
177000,45,11,33
177034,34,6,27
177066,32,5,25
177100,34,6,27
177151,51,14,36
177183,32,6,26
177225,42,9,31
177261,36,8,27
177336,75,26,47
177376,40,9,29
177431,55,16,38
177477,46,11,32
177522,45,10,33
177550,28,3,24
177604,54,15,37
177665,61,17,40
177702,37,8,29
177730,28,4,23
177757,27,3,23
177785,28,3,23
177815,30,4,26
177875,60,19,39
177943,68,21,44
177980,37,6,28
178007,27,3,24
178042,35,7,28
178093,51,14,35
178123,30,4,24
178168,45,12,32
178221,53,16,36
178250,29,4,24
178284,34,7,27
178346,62,20,38
178390,44,11,32
178441,51,15,36
178473,32,4,23
178508,35,7,27
178561,53,14,37
178612,51,14,35
178652,40,9,29
178681,29,3,23
178714,33,7,26
178767,53,15,37
178806,39,8,30
178856,50,13,36
178894,38,8,29
178947,53,14,36
178987,40,9,30
179015,28,4,24
179063,48,13,34
179107,44,10,31
179142,35,6,27
179163,21,1,19
179193,30,4,24
179233,40,8,27
179264,31,5,25
179327,63,20,42
179365,38,7,29
179393,28,4,22
179435,42,10,31
179518,83,28,52
179606,88,30,54
179641,35,6,27
179674,33,7,26
179710,36,8,28
179743,33,6,26
179794,51,15,34
179838,44,11,32
179862,24,2,22
179889,27,3,23
179930,41,9,31
179989,59,18,40
180021,32,5,26
180044,23,1,21
180106,62,16,38
180149,43,10,33
180175,26,3,23
180216,41,9,30
180248,32,6,26
180287,39,8,30
180325,38,8,28
180374,49,12,34
180409,35,7,27
180443,34,6,27
180488,45,11,33
180549,61,19,40
180614,65,21,43
180648,34,7,25
180679,31,5,25
180701,22,1,21
180731,30,5,25
180777,46,12,32
180807,30,5,25
180838,31,5,26
180906,68,19,43
180930,24,2,20
180966,36,6,27
181019,53,15,37
181060,41,10,31
181094,34,7,27
181135,41,11,29
181172,37,8,28
181209,37,8,28
181243,34,6,27
181319,76,24,47
181368,49,12,35
181407,39,8,29
181437,30,5,25
181478,41,11,30
181554,76,25,49
181583,29,4,24
181627,44,10,31
181664,37,8,28
181694,30,4,24
181720,26,2,22
181743,23,1,21
181793,50,14,35
181842,49,11,32
181870,28,3,23
181914,44,10,32
181950,36,8,27
181980,30,4,24
182009,29,4,22
182051,42,10,31
182086,35,8,27
182116,30,4,22
182179,63,20,41
182206,27,3,24
182235,29,4,24
182273,38,8,29
182299,26,2,23
182337,38,7,29
182377,40,9,30
182422,45,11,31
182462,40,8,29
182500,38,7,27
182552,52,14,36
182586,34,6,27
182617,31,5,26
182667,50,13,35
182692,25,1,21
182719,27,3,23
182773,54,14,37
182801,28,5,23
182838,37,8,29
182863,25,2,22
182912,49,12,34
182974,62,19,41
183008,34,6,26
183082,74,25,47
183109,27,3,23
183163,54,14,36
183201,38,8,30
183265,64,19,41
183316,51,14,36
183362,46,12,31
183393,31,5,25
183432,39,9,28
183469,37,8,28
183495,26,3,23
183563,68,22,45
183595,32,6,26
183635,40,8,30
183702,67,19,44
183729,27,3,23
183793,64,19,43
183839,46,11,34
183882,43,9,31
183918,36,7,28
183960,42,9,31
184010,50,12,33
184045,35,7,27
184073,28,4,22
184113,40,9,30
184140,27,3,22
184194,54,16,37
184249,55,15,40
184286,37,8,27
184327,41,8,30
184357,30,4,24
184405,48,13,33
184440,35,7,28
184482,42,8,29
184525,43,11,32
184553,28,3,23
184595,42,9,30
184636,41,8,31
184675,39,8,27
184714,39,8,28
184739,25,2,23
184775,36,7,28
184807,32,6,25
184880,73,23,47
184915,35,6,26
184978,63,18,42
185030,52,14,37
185084,54,14,38
185114,30,3,24
185165,51,14,35
185217,52,14,36
185249,32,5,26
185302,53,15,37
185331,29,4,24
185357,26,3,23
185396,39,9,30
185430,34,6,26
185464,34,7,27
185515,51,13,36
185556,41,10,31
185618,62,20,40
185666,48,13,32
185755,89,32,56
185801,46,12,32
185823,22,1,19
185869,46,12,30
185905,36,8,27
185938,33,6,26
185967,29,4,24
185989,22,1,21
186026,37,7,29
186057,31,4,24
186084,27,4,22
186118,34,7,27
186149,31,5,25
186215,66,20,44
186268,53,14,36
186317,49,14,34
186362,45,11,32
186392,30,5,25
186432,40,8,29
186467,35,7,27
186499,32,5,23
186523,24,2,22
186549,26,3,23
186593,44,10,31
186640,47,12,33
186674,34,6,26
186737,63,17,40
186793,56,14,39
186818,25,3,21
186866,48,12,34
186896,30,4,26
186980,84,29,51
187016,36,6,26
187056,40,8,29
187086,30,5,25
187115,29,5,23
187182,67,19,45
187212,30,3,24
187238,26,3,23
187302,64,19,41
187345,43,11,32
187403,58,17,39
187446,43,10,32
187496,50,14,36
187544,48,13,33
187580,36,6,27
187620,40,9,30
187667,47,11,32
187694,27,2,22
187729,35,8,27
187780,51,13,35
187821,41,10,30
187872,51,14,37
187911,39,9,28
187935,24,1,22
187981,46,10,32
188020,39,9,28
188061,41,10,30
188116,55,15,35
188171,55,15,37
188203,32,5,27
188230,27,3,23
188273,43,11,30
188321,48,13,34
188353,32,5,23
188405,52,15,37
188436,31,4,24
188500,64,19,40
188532,32,6,26
188563,31,4,25
188597,34,6,28
188633,36,7,29
188693,60,16,41
188737,44,11,33
188777,40,9,31
188827,50,13,35
188855,28,4,23
188888,33,6,26
188930,42,11,31
188964,34,5,26
189008,44,11,32
189048,40,9,29
189077,29,4,25
189121,44,11,33
189166,45,10,34
189205,39,8,30
189271,66,21,42
189298,27,3,23
189328,30,5,25
189363,35,7,27
189400,37,8,26
189427,27,3,23
189472,45,11,34
189524,52,15,37
189549,25,2,23
189577,28,3,25
189620,43,11,32
189671,51,15,35
189706,35,7,27
189750,44,11,32
189793,43,11,30
189824,31,5,25
189875,51,14,35
189917,42,9,31
189948,31,5,24
189984,36,7,28
190015,31,4,25
190064,49,13,34
190095,31,4,24
190158,63,17,41
190185,27,2,22
190226,41,10,28
190251,25,2,22
190291,40,8,30
190333,42,10,31
190396,63,20,42
190417,21,0,19
190475,58,18,36
190499,24,2,22
190539,40,9,28
190575,36,7,28
190600,25,3,21
190637,37,7,28
190673,36,7,27
190714,41,10,31
190745,31,5,26
190773,28,3,23
190811,38,6,26
190833,22,1,21
190861,28,4,23
190891,30,4,26
190931,40,10,30
190966,35,6,28
191023,57,15,38
191068,45,11,32
191099,31,5,25
191126,27,3,23
191161,35,7,28
191196,35,7,27
191245,49,13,34
191291,46,12,32
191317,26,2,22
191370,53,14,37
191405,35,5,25
191458,53,14,38
191487,29,4,24
191540,53,16,37
191584,44,10,30
191620,36,9,27
191664,44,10,30
191730,66,20,40
191773,43,10,31
191805,32,5,26
191850,45,11,32
191885,35,6,29
191940,55,15,37
191991,51,15,34
192040,49,13,34
192099,59,16,39
192134,35,7,27
192175,41,9,31
192222,47,12,30
192256,34,6,27
192299,43,8,30
192330,31,4,24
192371,41,10,30
192409,38,8,29
192446,37,7,28
192476,30,5,25
192507,31,4,25
192537,30,4,24
192593,56,17,38
192623,30,4,24
192664,41,10,30
192695,31,6,24
192731,36,6,26
192780,49,15,34
192808,28,5,23
192861,53,15,37
192892,31,6,24
192937,45,10,32
192965,28,3,24
193002,37,8,27
193035,33,6,27
193081,46,11,32
193119,38,9,28
193183,64,18,41
193250,67,20,43
193281,31,6,25
193314,33,5,25
193343,29,5,24
193420,77,23,47
193464,44,11,33
193507,43,10,30
193550,43,11,32
193593,43,10,31
193638,45,12,32
193691,53,15,37
193745,54,15,37
193807,62,19,42
193842,35,6,28
193878,36,8,27
193946,68,21,45
193978,32,6,25
194019,41,9,30
194061,42,10,31
194092,31,5,25
194134,42,10,30
194174,40,9,31
194205,31,5,26
194252,47,12,33
194300,48,13,34
194336,36,8,27
194374,38,6,27
194436,62,18,43
194473,37,7,29
194520,47,13,33
194545,25,2,22
194595,50,13,34
194665,70,24,46
194767,102,38,63
194798,31,5,26
194858,60,17,40
194885,27,4,22
194919,34,6,25
194971,52,13,36
195004,33,5,27
195025,21,1,19
195057,32,5,26
195094,37,9,27
195126,32,5,25
195157,31,5,25
195197,40,10,29
195242,45,11,32
195282,40,9,30
195331,49,12,35
195367,36,7,27
195404,37,7,29
195438,34,8,26
195480,42,10,32
195513,33,5,28
195542,29,4,24
195584,42,9,32
195623,39,8,29
195666,43,11,32
195697,31,5,26
195735,38,7,28
195792,57,16,37
195831,39,9,29
195870,39,8,28
195900,30,4,24
195939,39,8,28
195982,43,11,32
196016,34,6,26
196044,28,4,24
196079,35,7,28
196114,35,7,28
196148,34,7,27
196219,71,21,44
196252,33,6,27
196305,53,14,37
196353,48,13,34
196396,43,11,31
196432,36,7,29
196480,48,13,34
196509,29,5,23
196546,37,8,28
196586,40,8,30
196625,39,8,31
196659,34,6,26
196687,28,4,24
196738,51,12,36
196785,47,12,34
196828,43,10,30
196873,45,11,32
196920,47,12,33
196964,44,11,32
196999,35,6,26
197043,44,11,31
197079,36,7,28
197117,38,8,29
197149,32,6,26
197184,35,7,27
197224,40,9,31
197261,37,8,27
197290,29,3,23
197326,36,7,26
197372,46,10,33
197414,42,9,30
197463,49,14,33
197529,66,21,43
197566,37,7,28
197608,42,11,29
197644,36,6,29
197676,32,5,26
197725,49,14,34
197770,45,12,32
197822,52,14,35
197871,49,12,34
197928,57,16,37
197950,22,2,20
197981,31,4,24
198025,44,9,31
198070,45,11,33
198105,35,6,26
198134,29,5,23
198164,30,4,25
198207,43,10,31
198249,42,10,31
198309,60,18,39
198337,28,3,24
198379,42,10,31
198416,37,8,28
198441,25,2,22
198483,42,10,30
198541,58,17,40
198577,36,6,28
198610,33,6,27
198675,65,20,44
198731,56,15,37
198769,38,7,30
198819,50,13,35
198880,61,18,38
198912,32,4,25
198943,31,4,23
198968,25,2,22
199027,59,18,41
199074,47,11,32
199122,48,12,34
199164,42,10,29
199208,44,11,31
199242,34,6,28
199270,28,4,23
199315,45,11,31
199363,48,14,34
199393,30,5,25
199433,40,9,31
199474,41,8,31
199499,25,2,22
199530,31,5,26
199560,30,5,25
199610,50,13,34
199643,33,6,25
199679,36,7,27
199708,29,3,23
199740,32,6,24
199788,48,13,32
199817,29,3,23
199848,31,5,25
199903,55,16,39
199926,23,1,21
199960,34,6,25
199999,39,9,28
200032,33,6,26
200069,37,5,28
200128,59,16,41
200172,44,9,33
200222,50,13,36
200255,33,6,27
200288,33,6,27
200338,50,14,34
200385,47,10,32
200425,40,9,28
200456,31,6,25
200489,33,4,25
200544,55,15,39
200577,33,5,27
200615,38,8,26
200649,34,7,27
200678,29,4,23
200705,27,3,23
200739,34,6,26
200769,30,4,25
200800,31,5,25
200839,39,7,27
200880,41,11,30
200909,29,3,24
